<?xml version="1.0" encoding="UTF-8"?>
<!DOCTYPE mapper PUBLIC "-//mybatis.org//DTD Mapper 3.0//EN" "http://mybatis.org/dtd/mybatis-3-mapper.dtd">
<mapper namespace="com.robot.mybatis.mapper.ChannelTMapper">
  <resultMap id="BaseResultMap" type="com.robot.pojo.ChannelT">
    <result column="id" jdbcType="DECIMAL" property="id" />
    <result column="channel_name" jdbcType="VARCHAR" property="channelName" />
    <result column="channel_code" jdbcType="VARCHAR" property="channelCode" />
    <result column="parent_channel_id" jdbcType="DECIMAL" property="parentChannelId" />
    <result column="level" jdbcType="BIT" property="level" />
    <result column="create_by" jdbcType="DECIMAL" property="createBy" />
    <result column="create_time" jdbcType="TIMESTAMP" property="createTime" />
    <result column="update_by" jdbcType="DECIMAL" property="updateBy" />
    <result column="update_time" jdbcType="TIMESTAMP" property="updateTime" />
    <result column="remove" jdbcType="BIT" property="remove" />
  </resultMap>
  <sql id="Example_Where_Clause">
    <where>
      <foreach collection="oredCriteria" item="criteria" separator="or">
        <if test="criteria.valid">
          <trim prefix="(" prefixOverrides="and" suffix=")">
            <foreach collection="criteria.criteria" item="criterion">
              <choose>
                <when test="criterion.noValue">
                  and ${criterion.condition}
                </when>
                <when test="criterion.singleValue">
                  and ${criterion.condition} #{criterion.value}
                </when>
                <when test="criterion.betweenValue">
                  and ${criterion.condition} #{criterion.value} and #{criterion.secondValue}
                </when>
                <when test="criterion.listValue">
                  and ${criterion.condition}
                  <foreach close=")" collection="criterion.value" item="listItem" open="(" separator=",">
                    #{listItem}
                  </foreach>
                </when>
              </choose>
            </foreach>
          </trim>
        </if>
      </foreach>
    </where>
  </sql>
  <sql id="Update_By_Example_Where_Clause">
    <where>
      <foreach collection="example.oredCriteria" item="criteria" separator="or">
        <if test="criteria.valid">
          <trim prefix="(" prefixOverrides="and" suffix=")">
            <foreach collection="criteria.criteria" item="criterion">
              <choose>
                <when test="criterion.noValue">
                  and ${criterion.condition}
                </when>
                <when test="criterion.singleValue">
                  and ${criterion.condition} #{criterion.value}
                </when>
                <when test="criterion.betweenValue">
                  and ${criterion.condition} #{criterion.value} and #{criterion.secondValue}
                </when>
                <when test="criterion.listValue">
                  and ${criterion.condition}
                  <foreach close=")" collection="criterion.value" item="listItem" open="(" separator=",">
                    #{listItem}
                  </foreach>
                </when>
              </choose>
            </foreach>
          </trim>
        </if>
      </foreach>
    </where>
  </sql>
  <sql id="Base_Column_List">
    id, channel_name, channel_code, parent_channel_id, level, create_by, create_time, 
    update_by, update_time, remove
  </sql>
  <select id="selectByExample" parameterType="com.robot.pojo.ChannelTExample" resultMap="BaseResultMap">
    select
    <if test="distinct">
      distinct
    </if>
    <include refid="Base_Column_List" />
    from channel_t
    <if test="_parameter != null">
      <include refid="Example_Where_Clause" />
    </if>
    <if test="orderByClause != null">
      order by ${orderByClause}
    </if>
  </select>
  <delete id="deleteByExample" parameterType="com.robot.pojo.ChannelTExample">
    delete from channel_t
    <if test="_parameter != null">
      <include refid="Example_Where_Clause" />
    </if>
  </delete>
  <insert id="insert" parameterType="com.robot.pojo.ChannelT">
    insert into channel_t (id, channel_name, channel_code, 
      parent_channel_id, level, create_by, 
      create_time, update_by, update_time, 
      remove)
    values (#{id,jdbcType=DECIMAL}, #{channelName,jdbcType=VARCHAR}, #{channelCode,jdbcType=VARCHAR}, 
      #{parentChannelId,jdbcType=DECIMAL}, #{level,jdbcType=BIT}, #{createBy,jdbcType=DECIMAL}, 
      #{createTime,jdbcType=TIMESTAMP}, #{updateBy,jdbcType=DECIMAL}, #{updateTime,jdbcType=TIMESTAMP}, 
      #{remove,jdbcType=BIT})
  </insert>
  <insert id="insertSelective" parameterType="com.robot.pojo.ChannelT">
    insert into channel_t
    <trim prefix="(" suffix=")" suffixOverrides=",">
      <if test="id != null">
        id,
      </if>
      <if test="channelName != null">
        channel_name,
      </if>
      <if test="channelCode != null">
        channel_code,
      </if>
      <if test="parentChannelId != null">
        parent_channel_id,
      </if>
      <if test="level != null">
        level,
      </if>
      <if test="createBy != null">
        create_by,
      </if>
      <if test="createTime != null">
        create_time,
      </if>
      <if test="updateBy != null">
        update_by,
      </if>
      <if test="updateTime != null">
        update_time,
      </if>
      <if test="remove != null">
        remove,
      </if>
    </trim>
    <trim prefix="values (" suffix=")" suffixOverrides=",">
      <if test="id != null">
        #{id,jdbcType=DECIMAL},
      </if>
      <if test="channelName != null">
        #{channelName,jdbcType=VARCHAR},
      </if>
      <if test="channelCode != null">
        #{channelCode,jdbcType=VARCHAR},
      </if>
      <if test="parentChannelId != null">
        #{parentChannelId,jdbcType=DECIMAL},
      </if>
      <if test="level != null">
        #{level,jdbcType=BIT},
      </if>
      <if test="createBy != null">
        #{createBy,jdbcType=DECIMAL},
      </if>
      <if test="createTime != null">
        #{createTime,jdbcType=TIMESTAMP},
      </if>
      <if test="updateBy != null">
        #{updateBy,jdbcType=DECIMAL},
      </if>
      <if test="updateTime != null">
        #{updateTime,jdbcType=TIMESTAMP},
      </if>
      <if test="remove != null">
        #{remove,jdbcType=BIT},
      </if>
    </trim>
  </insert>
  <select id="countByExample" parameterType="com.robot.pojo.ChannelTExample" resultType="java.lang.Long">
    select count(*) from channel_t
    <if test="_parameter != null">
      <include refid="Example_Where_Clause" />
    </if>
  </select>
  <update id="updateByExampleSelective" parameterType="map">
    update channel_t
    <set>
      <if test="record.id != null">
        id = #{record.id,jdbcType=DECIMAL},
      </if>
      <if test="record.channelName != null">
        channel_name = #{record.channelName,jdbcType=VARCHAR},
      </if>
      <if test="record.channelCode != null">
        channel_code = #{record.channelCode,jdbcType=VARCHAR},
      </if>
      <if test="record.parentChannelId != null">
        parent_channel_id = #{record.parentChannelId,jdbcType=DECIMAL},
      </if>
      <if test="record.level != null">
        level = #{record.level,jdbcType=BIT},
      </if>
      <if test="record.createBy != null">
        create_by = #{record.createBy,jdbcType=DECIMAL},
      </if>
      <if test="record.createTime != null">
        create_time = #{record.createTime,jdbcType=TIMESTAMP},
      </if>
      <if test="record.updateBy != null">
        update_by = #{record.updateBy,jdbcType=DECIMAL},
      </if>
      <if test="record.updateTime != null">
        update_time = #{record.updateTime,jdbcType=TIMESTAMP},
      </if>
      <if test="record.remove != null">
        remove = #{record.remove,jdbcType=BIT},
      </if>
    </set>
    <if test="_parameter != null">
      <include refid="Update_By_Example_Where_Clause" />
    </if>
  </update>
  <update id="updateByExample" parameterType="map">
    update channel_t
    set id = #{record.id,jdbcType=DECIMAL},
      channel_name = #{record.channelName,jdbcType=VARCHAR},
      channel_code = #{record.channelCode,jdbcType=VARCHAR},
      parent_channel_id = #{record.parentChannelId,jdbcType=DECIMAL},
      level = #{record.level,jdbcType=BIT},
      create_by = #{record.createBy,jdbcType=DECIMAL},
      create_time = #{record.createTime,jdbcType=TIMESTAMP},
      update_by = #{record.updateBy,jdbcType=DECIMAL},
      update_time = #{record.updateTime,jdbcType=TIMESTAMP},
      remove = #{record.remove,jdbcType=BIT}
    <if test="_parameter != null">
      <include refid="Update_By_Example_Where_Clause" />
    </if>
  </update>
</mapper>