<?xml version="1.0" encoding="UTF-8"?>
<!DOCTYPE mapper PUBLIC "-//mybatis.org//DTD Mapper 3.0//EN" "http://mybatis.org/dtd/mybatis-3-mapper.dtd">
<mapper namespace="com.robot.mybatis.mapper.FlowInterfaceTMapper">
  <resultMap id="BaseResultMap" type="com.robot.pojo.FlowInterfaceT">
    <result column="id" jdbcType="DECIMAL" property="id" />
    <result column="interface_name" jdbcType="VARCHAR" property="interfaceName" />
    <result column="interface_url" jdbcType="VARCHAR" property="interfaceUrl" />
    <result column="invocation_way" jdbcType="VARCHAR" property="invocationWay" />
    <result column="function_name" jdbcType="VARCHAR" property="functionName" />
    <result column="namespace" jdbcType="VARCHAR" property="namespace" />
    <result column="req_param" jdbcType="VARCHAR" property="reqParam" />
    <result column="resp_param" jdbcType="VARCHAR" property="respParam" />
    <result column="application_id" jdbcType="DECIMAL" property="applicationId" />
    <result column="create_by" jdbcType="DECIMAL" property="createBy" />
    <result column="create_time" jdbcType="TIMESTAMP" property="createTime" />
    <result column="update_by" jdbcType="DECIMAL" property="updateBy" />
    <result column="update_time" jdbcType="TIMESTAMP" property="updateTime" />
    <result column="remove" jdbcType="BIT" property="remove" />
  </resultMap>
  <sql id="Example_Where_Clause">
    <where>
      <foreach collection="oredCriteria" item="criteria" separator="or">
        <if test="criteria.valid">
          <trim prefix="(" prefixOverrides="and" suffix=")">
            <foreach collection="criteria.criteria" item="criterion">
              <choose>
                <when test="criterion.noValue">
                  and ${criterion.condition}
                </when>
                <when test="criterion.singleValue">
                  and ${criterion.condition} #{criterion.value}
                </when>
                <when test="criterion.betweenValue">
                  and ${criterion.condition} #{criterion.value} and #{criterion.secondValue}
                </when>
                <when test="criterion.listValue">
                  and ${criterion.condition}
                  <foreach close=")" collection="criterion.value" item="listItem" open="(" separator=",">
                    #{listItem}
                  </foreach>
                </when>
              </choose>
            </foreach>
          </trim>
        </if>
      </foreach>
    </where>
  </sql>
  <sql id="Update_By_Example_Where_Clause">
    <where>
      <foreach collection="example.oredCriteria" item="criteria" separator="or">
        <if test="criteria.valid">
          <trim prefix="(" prefixOverrides="and" suffix=")">
            <foreach collection="criteria.criteria" item="criterion">
              <choose>
                <when test="criterion.noValue">
                  and ${criterion.condition}
                </when>
                <when test="criterion.singleValue">
                  and ${criterion.condition} #{criterion.value}
                </when>
                <when test="criterion.betweenValue">
                  and ${criterion.condition} #{criterion.value} and #{criterion.secondValue}
                </when>
                <when test="criterion.listValue">
                  and ${criterion.condition}
                  <foreach close=")" collection="criterion.value" item="listItem" open="(" separator=",">
                    #{listItem}
                  </foreach>
                </when>
              </choose>
            </foreach>
          </trim>
        </if>
      </foreach>
    </where>
  </sql>
  <sql id="Base_Column_List">
    id, interface_name, interface_url, invocation_way, function_name, namespace, req_param, 
    resp_param, application_id, create_by, create_time, update_by, update_time, remove
  </sql>
  <select id="selectByExample" parameterType="com.robot.pojo.FlowInterfaceTExample" resultMap="BaseResultMap">
    select
    <if test="distinct">
      distinct
    </if>
    <include refid="Base_Column_List" />
    from flow_interface_t
    <if test="_parameter != null">
      <include refid="Example_Where_Clause" />
    </if>
    <if test="orderByClause != null">
      order by ${orderByClause}
    </if>
  </select>
  <delete id="deleteByExample" parameterType="com.robot.pojo.FlowInterfaceTExample">
    delete from flow_interface_t
    <if test="_parameter != null">
      <include refid="Example_Where_Clause" />
    </if>
  </delete>
  <insert id="insert" parameterType="com.robot.pojo.FlowInterfaceT">
    insert into flow_interface_t (id, interface_name, interface_url, 
      invocation_way, function_name, namespace, 
      req_param, resp_param, application_id, 
      create_by, create_time, update_by, 
      update_time, remove)
    values (#{id,jdbcType=DECIMAL}, #{interfaceName,jdbcType=VARCHAR}, #{interfaceUrl,jdbcType=VARCHAR}, 
      #{invocationWay,jdbcType=VARCHAR}, #{functionName,jdbcType=VARCHAR}, #{namespace,jdbcType=VARCHAR}, 
      #{reqParam,jdbcType=VARCHAR}, #{respParam,jdbcType=VARCHAR}, #{applicationId,jdbcType=DECIMAL}, 
      #{createBy,jdbcType=DECIMAL}, #{createTime,jdbcType=TIMESTAMP}, #{updateBy,jdbcType=DECIMAL}, 
      #{updateTime,jdbcType=TIMESTAMP}, #{remove,jdbcType=BIT})
  </insert>
  <insert id="insertSelective" parameterType="com.robot.pojo.FlowInterfaceT">
    insert into flow_interface_t
    <trim prefix="(" suffix=")" suffixOverrides=",">
      <if test="id != null">
        id,
      </if>
      <if test="interfaceName != null">
        interface_name,
      </if>
      <if test="interfaceUrl != null">
        interface_url,
      </if>
      <if test="invocationWay != null">
        invocation_way,
      </if>
      <if test="functionName != null">
        function_name,
      </if>
      <if test="namespace != null">
        namespace,
      </if>
      <if test="reqParam != null">
        req_param,
      </if>
      <if test="respParam != null">
        resp_param,
      </if>
      <if test="applicationId != null">
        application_id,
      </if>
      <if test="createBy != null">
        create_by,
      </if>
      <if test="createTime != null">
        create_time,
      </if>
      <if test="updateBy != null">
        update_by,
      </if>
      <if test="updateTime != null">
        update_time,
      </if>
      <if test="remove != null">
        remove,
      </if>
    </trim>
    <trim prefix="values (" suffix=")" suffixOverrides=",">
      <if test="id != null">
        #{id,jdbcType=DECIMAL},
      </if>
      <if test="interfaceName != null">
        #{interfaceName,jdbcType=VARCHAR},
      </if>
      <if test="interfaceUrl != null">
        #{interfaceUrl,jdbcType=VARCHAR},
      </if>
      <if test="invocationWay != null">
        #{invocationWay,jdbcType=VARCHAR},
      </if>
      <if test="functionName != null">
        #{functionName,jdbcType=VARCHAR},
      </if>
      <if test="namespace != null">
        #{namespace,jdbcType=VARCHAR},
      </if>
      <if test="reqParam != null">
        #{reqParam,jdbcType=VARCHAR},
      </if>
      <if test="respParam != null">
        #{respParam,jdbcType=VARCHAR},
      </if>
      <if test="applicationId != null">
        #{applicationId,jdbcType=DECIMAL},
      </if>
      <if test="createBy != null">
        #{createBy,jdbcType=DECIMAL},
      </if>
      <if test="createTime != null">
        #{createTime,jdbcType=TIMESTAMP},
      </if>
      <if test="updateBy != null">
        #{updateBy,jdbcType=DECIMAL},
      </if>
      <if test="updateTime != null">
        #{updateTime,jdbcType=TIMESTAMP},
      </if>
      <if test="remove != null">
        #{remove,jdbcType=BIT},
      </if>
    </trim>
  </insert>
  <select id="countByExample" parameterType="com.robot.pojo.FlowInterfaceTExample" resultType="java.lang.Long">
    select count(*) from flow_interface_t
    <if test="_parameter != null">
      <include refid="Example_Where_Clause" />
    </if>
  </select>
  <update id="updateByExampleSelective" parameterType="map">
    update flow_interface_t
    <set>
      <if test="record.id != null">
        id = #{record.id,jdbcType=DECIMAL},
      </if>
      <if test="record.interfaceName != null">
        interface_name = #{record.interfaceName,jdbcType=VARCHAR},
      </if>
      <if test="record.interfaceUrl != null">
        interface_url = #{record.interfaceUrl,jdbcType=VARCHAR},
      </if>
      <if test="record.invocationWay != null">
        invocation_way = #{record.invocationWay,jdbcType=VARCHAR},
      </if>
      <if test="record.functionName != null">
        function_name = #{record.functionName,jdbcType=VARCHAR},
      </if>
      <if test="record.namespace != null">
        namespace = #{record.namespace,jdbcType=VARCHAR},
      </if>
      <if test="record.reqParam != null">
        req_param = #{record.reqParam,jdbcType=VARCHAR},
      </if>
      <if test="record.respParam != null">
        resp_param = #{record.respParam,jdbcType=VARCHAR},
      </if>
      <if test="record.applicationId != null">
        application_id = #{record.applicationId,jdbcType=DECIMAL},
      </if>
      <if test="record.createBy != null">
        create_by = #{record.createBy,jdbcType=DECIMAL},
      </if>
      <if test="record.createTime != null">
        create_time = #{record.createTime,jdbcType=TIMESTAMP},
      </if>
      <if test="record.updateBy != null">
        update_by = #{record.updateBy,jdbcType=DECIMAL},
      </if>
      <if test="record.updateTime != null">
        update_time = #{record.updateTime,jdbcType=TIMESTAMP},
      </if>
      <if test="record.remove != null">
        remove = #{record.remove,jdbcType=BIT},
      </if>
    </set>
    <if test="_parameter != null">
      <include refid="Update_By_Example_Where_Clause" />
    </if>
  </update>
  <update id="updateByExample" parameterType="map">
    update flow_interface_t
    set id = #{record.id,jdbcType=DECIMAL},
      interface_name = #{record.interfaceName,jdbcType=VARCHAR},
      interface_url = #{record.interfaceUrl,jdbcType=VARCHAR},
      invocation_way = #{record.invocationWay,jdbcType=VARCHAR},
      function_name = #{record.functionName,jdbcType=VARCHAR},
      namespace = #{record.namespace,jdbcType=VARCHAR},
      req_param = #{record.reqParam,jdbcType=VARCHAR},
      resp_param = #{record.respParam,jdbcType=VARCHAR},
      application_id = #{record.applicationId,jdbcType=DECIMAL},
      create_by = #{record.createBy,jdbcType=DECIMAL},
      create_time = #{record.createTime,jdbcType=TIMESTAMP},
      update_by = #{record.updateBy,jdbcType=DECIMAL},
      update_time = #{record.updateTime,jdbcType=TIMESTAMP},
      remove = #{record.remove,jdbcType=BIT}
    <if test="_parameter != null">
      <include refid="Update_By_Example_Where_Clause" />
    </if>
  </update>
</mapper>