<?xml version="1.0" encoding="UTF-8"?>
<!DOCTYPE mapper PUBLIC "-//mybatis.org//DTD Mapper 3.0//EN" "http://mybatis.org/dtd/mybatis-3-mapper.dtd">
<mapper namespace="com.robot.mybatis.mapper.FlowParamTMapper">
  <resultMap id="BaseResultMap" type="com.robot.pojo.FlowParamT">
    <result column="id" jdbcType="DECIMAL" property="id" />
    <result column="param_name" jdbcType="VARCHAR" property="paramName" />
    <result column="param_type" jdbcType="VARCHAR" property="paramType" />
    <result column="shared_status" jdbcType="BIT" property="sharedStatus" />
    <result column="param_source" jdbcType="VARCHAR" property="paramSource" />
    <result column="intention_id" jdbcType="DECIMAL" property="intentionId" />
    <result column="flow_id" jdbcType="DECIMAL" property="flowId" />
    <result column="interface_id" jdbcType="DECIMAL" property="interfaceId" />
    <result column="create_by" jdbcType="DECIMAL" property="createBy" />
    <result column="create_time" jdbcType="TIMESTAMP" property="createTime" />
    <result column="update_by" jdbcType="DECIMAL" property="updateBy" />
    <result column="update_time" jdbcType="TIMESTAMP" property="updateTime" />
    <result column="remove" jdbcType="BIT" property="remove" />
  </resultMap>
  <sql id="Example_Where_Clause">
    <where>
      <foreach collection="oredCriteria" item="criteria" separator="or">
        <if test="criteria.valid">
          <trim prefix="(" prefixOverrides="and" suffix=")">
            <foreach collection="criteria.criteria" item="criterion">
              <choose>
                <when test="criterion.noValue">
                  and ${criterion.condition}
                </when>
                <when test="criterion.singleValue">
                  and ${criterion.condition} #{criterion.value}
                </when>
                <when test="criterion.betweenValue">
                  and ${criterion.condition} #{criterion.value} and #{criterion.secondValue}
                </when>
                <when test="criterion.listValue">
                  and ${criterion.condition}
                  <foreach close=")" collection="criterion.value" item="listItem" open="(" separator=",">
                    #{listItem}
                  </foreach>
                </when>
              </choose>
            </foreach>
          </trim>
        </if>
      </foreach>
    </where>
  </sql>
  <sql id="Update_By_Example_Where_Clause">
    <where>
      <foreach collection="example.oredCriteria" item="criteria" separator="or">
        <if test="criteria.valid">
          <trim prefix="(" prefixOverrides="and" suffix=")">
            <foreach collection="criteria.criteria" item="criterion">
              <choose>
                <when test="criterion.noValue">
                  and ${criterion.condition}
                </when>
                <when test="criterion.singleValue">
                  and ${criterion.condition} #{criterion.value}
                </when>
                <when test="criterion.betweenValue">
                  and ${criterion.condition} #{criterion.value} and #{criterion.secondValue}
                </when>
                <when test="criterion.listValue">
                  and ${criterion.condition}
                  <foreach close=")" collection="criterion.value" item="listItem" open="(" separator=",">
                    #{listItem}
                  </foreach>
                </when>
              </choose>
            </foreach>
          </trim>
        </if>
      </foreach>
    </where>
  </sql>
  <sql id="Base_Column_List">
    id, param_name, param_type, shared_status, param_source, intention_id, flow_id, interface_id, 
    create_by, create_time, update_by, update_time, remove
  </sql>
  <select id="selectByExample" parameterType="com.robot.pojo.FlowParamTExample" resultMap="BaseResultMap">
    select
    <if test="distinct">
      distinct
    </if>
    <include refid="Base_Column_List" />
    from flow_param_t
    <if test="_parameter != null">
      <include refid="Example_Where_Clause" />
    </if>
    <if test="orderByClause != null">
      order by ${orderByClause}
    </if>
  </select>
  <delete id="deleteByExample" parameterType="com.robot.pojo.FlowParamTExample">
    delete from flow_param_t
    <if test="_parameter != null">
      <include refid="Example_Where_Clause" />
    </if>
  </delete>
  <insert id="insert" parameterType="com.robot.pojo.FlowParamT">
    insert into flow_param_t (id, param_name, param_type, 
      shared_status, param_source, intention_id, 
      flow_id, interface_id, create_by, 
      create_time, update_by, update_time, 
      remove)
    values (#{id,jdbcType=DECIMAL}, #{paramName,jdbcType=VARCHAR}, #{paramType,jdbcType=VARCHAR}, 
      #{sharedStatus,jdbcType=BIT}, #{paramSource,jdbcType=VARCHAR}, #{intentionId,jdbcType=DECIMAL}, 
      #{flowId,jdbcType=DECIMAL}, #{interfaceId,jdbcType=DECIMAL}, #{createBy,jdbcType=DECIMAL}, 
      #{createTime,jdbcType=TIMESTAMP}, #{updateBy,jdbcType=DECIMAL}, #{updateTime,jdbcType=TIMESTAMP}, 
      #{remove,jdbcType=BIT})
  </insert>
  <insert id="insertSelective" parameterType="com.robot.pojo.FlowParamT">
    insert into flow_param_t
    <trim prefix="(" suffix=")" suffixOverrides=",">
      <if test="id != null">
        id,
      </if>
      <if test="paramName != null">
        param_name,
      </if>
      <if test="paramType != null">
        param_type,
      </if>
      <if test="sharedStatus != null">
        shared_status,
      </if>
      <if test="paramSource != null">
        param_source,
      </if>
      <if test="intentionId != null">
        intention_id,
      </if>
      <if test="flowId != null">
        flow_id,
      </if>
      <if test="interfaceId != null">
        interface_id,
      </if>
      <if test="createBy != null">
        create_by,
      </if>
      <if test="createTime != null">
        create_time,
      </if>
      <if test="updateBy != null">
        update_by,
      </if>
      <if test="updateTime != null">
        update_time,
      </if>
      <if test="remove != null">
        remove,
      </if>
    </trim>
    <trim prefix="values (" suffix=")" suffixOverrides=",">
      <if test="id != null">
        #{id,jdbcType=DECIMAL},
      </if>
      <if test="paramName != null">
        #{paramName,jdbcType=VARCHAR},
      </if>
      <if test="paramType != null">
        #{paramType,jdbcType=VARCHAR},
      </if>
      <if test="sharedStatus != null">
        #{sharedStatus,jdbcType=BIT},
      </if>
      <if test="paramSource != null">
        #{paramSource,jdbcType=VARCHAR},
      </if>
      <if test="intentionId != null">
        #{intentionId,jdbcType=DECIMAL},
      </if>
      <if test="flowId != null">
        #{flowId,jdbcType=DECIMAL},
      </if>
      <if test="interfaceId != null">
        #{interfaceId,jdbcType=DECIMAL},
      </if>
      <if test="createBy != null">
        #{createBy,jdbcType=DECIMAL},
      </if>
      <if test="createTime != null">
        #{createTime,jdbcType=TIMESTAMP},
      </if>
      <if test="updateBy != null">
        #{updateBy,jdbcType=DECIMAL},
      </if>
      <if test="updateTime != null">
        #{updateTime,jdbcType=TIMESTAMP},
      </if>
      <if test="remove != null">
        #{remove,jdbcType=BIT},
      </if>
    </trim>
  </insert>
  <select id="countByExample" parameterType="com.robot.pojo.FlowParamTExample" resultType="java.lang.Long">
    select count(*) from flow_param_t
    <if test="_parameter != null">
      <include refid="Example_Where_Clause" />
    </if>
  </select>
  <update id="updateByExampleSelective" parameterType="map">
    update flow_param_t
    <set>
      <if test="record.id != null">
        id = #{record.id,jdbcType=DECIMAL},
      </if>
      <if test="record.paramName != null">
        param_name = #{record.paramName,jdbcType=VARCHAR},
      </if>
      <if test="record.paramType != null">
        param_type = #{record.paramType,jdbcType=VARCHAR},
      </if>
      <if test="record.sharedStatus != null">
        shared_status = #{record.sharedStatus,jdbcType=BIT},
      </if>
      <if test="record.paramSource != null">
        param_source = #{record.paramSource,jdbcType=VARCHAR},
      </if>
      <if test="record.intentionId != null">
        intention_id = #{record.intentionId,jdbcType=DECIMAL},
      </if>
      <if test="record.flowId != null">
        flow_id = #{record.flowId,jdbcType=DECIMAL},
      </if>
      <if test="record.interfaceId != null">
        interface_id = #{record.interfaceId,jdbcType=DECIMAL},
      </if>
      <if test="record.createBy != null">
        create_by = #{record.createBy,jdbcType=DECIMAL},
      </if>
      <if test="record.createTime != null">
        create_time = #{record.createTime,jdbcType=TIMESTAMP},
      </if>
      <if test="record.updateBy != null">
        update_by = #{record.updateBy,jdbcType=DECIMAL},
      </if>
      <if test="record.updateTime != null">
        update_time = #{record.updateTime,jdbcType=TIMESTAMP},
      </if>
      <if test="record.remove != null">
        remove = #{record.remove,jdbcType=BIT},
      </if>
    </set>
    <if test="_parameter != null">
      <include refid="Update_By_Example_Where_Clause" />
    </if>
  </update>
  <update id="updateByExample" parameterType="map">
    update flow_param_t
    set id = #{record.id,jdbcType=DECIMAL},
      param_name = #{record.paramName,jdbcType=VARCHAR},
      param_type = #{record.paramType,jdbcType=VARCHAR},
      shared_status = #{record.sharedStatus,jdbcType=BIT},
      param_source = #{record.paramSource,jdbcType=VARCHAR},
      intention_id = #{record.intentionId,jdbcType=DECIMAL},
      flow_id = #{record.flowId,jdbcType=DECIMAL},
      interface_id = #{record.interfaceId,jdbcType=DECIMAL},
      create_by = #{record.createBy,jdbcType=DECIMAL},
      create_time = #{record.createTime,jdbcType=TIMESTAMP},
      update_by = #{record.updateBy,jdbcType=DECIMAL},
      update_time = #{record.updateTime,jdbcType=TIMESTAMP},
      remove = #{record.remove,jdbcType=BIT}
    <if test="_parameter != null">
      <include refid="Update_By_Example_Where_Clause" />
    </if>
  </update>
</mapper>