<?xml version="1.0" encoding="UTF-8"?>
<!DOCTYPE mapper PUBLIC "-//mybatis.org//DTD Mapper 3.0//EN" "http://mybatis.org/dtd/mybatis-3-mapper.dtd">
<mapper namespace="com.robot.mybatis.mapper.IntentionTMapper">
  <resultMap id="BaseResultMap" type="com.robot.pojo.IntentionT">
    <result column="id" jdbcType="DECIMAL" property="id" />
    <result column="intention_name" jdbcType="VARCHAR" property="intentionName" />
    <result column="intention_type" jdbcType="VARCHAR" property="intentionType" />
    <result column="word_category_id" jdbcType="DECIMAL" property="wordCategoryId" />
    <result column="central_question_id" jdbcType="DECIMAL" property="centralQuestionId" />
    <result column="application_id" jdbcType="DECIMAL" property="applicationId" />
    <result column="create_by" jdbcType="DECIMAL" property="createBy" />
    <result column="create_time" jdbcType="TIMESTAMP" property="createTime" />
    <result column="update_by" jdbcType="DECIMAL" property="updateBy" />
    <result column="update_time" jdbcType="TIMESTAMP" property="updateTime" />
    <result column="remove" jdbcType="BIT" property="remove" />
  </resultMap>
  <sql id="Example_Where_Clause">
    <where>
      <foreach collection="oredCriteria" item="criteria" separator="or">
        <if test="criteria.valid">
          <trim prefix="(" prefixOverrides="and" suffix=")">
            <foreach collection="criteria.criteria" item="criterion">
              <choose>
                <when test="criterion.noValue">
                  and ${criterion.condition}
                </when>
                <when test="criterion.singleValue">
                  and ${criterion.condition} #{criterion.value}
                </when>
                <when test="criterion.betweenValue">
                  and ${criterion.condition} #{criterion.value} and #{criterion.secondValue}
                </when>
                <when test="criterion.listValue">
                  and ${criterion.condition}
                  <foreach close=")" collection="criterion.value" item="listItem" open="(" separator=",">
                    #{listItem}
                  </foreach>
                </when>
              </choose>
            </foreach>
          </trim>
        </if>
      </foreach>
    </where>
  </sql>
  <sql id="Update_By_Example_Where_Clause">
    <where>
      <foreach collection="example.oredCriteria" item="criteria" separator="or">
        <if test="criteria.valid">
          <trim prefix="(" prefixOverrides="and" suffix=")">
            <foreach collection="criteria.criteria" item="criterion">
              <choose>
                <when test="criterion.noValue">
                  and ${criterion.condition}
                </when>
                <when test="criterion.singleValue">
                  and ${criterion.condition} #{criterion.value}
                </when>
                <when test="criterion.betweenValue">
                  and ${criterion.condition} #{criterion.value} and #{criterion.secondValue}
                </when>
                <when test="criterion.listValue">
                  and ${criterion.condition}
                  <foreach close=")" collection="criterion.value" item="listItem" open="(" separator=",">
                    #{listItem}
                  </foreach>
                </when>
              </choose>
            </foreach>
          </trim>
        </if>
      </foreach>
    </where>
  </sql>
  <sql id="Base_Column_List">
    id, intention_name, intention_type, word_category_id, central_question_id, application_id, 
    create_by, create_time, update_by, update_time, remove
  </sql>
  <select id="selectByExample" parameterType="com.robot.pojo.IntentionTExample" resultMap="BaseResultMap">
    select
    <if test="distinct">
      distinct
    </if>
    <include refid="Base_Column_List" />
    from intention_t
    <if test="_parameter != null">
      <include refid="Example_Where_Clause" />
    </if>
    <if test="orderByClause != null">
      order by ${orderByClause}
    </if>
  </select>
  <delete id="deleteByExample" parameterType="com.robot.pojo.IntentionTExample">
    delete from intention_t
    <if test="_parameter != null">
      <include refid="Example_Where_Clause" />
    </if>
  </delete>
  <insert id="insert" parameterType="com.robot.pojo.IntentionT">
    insert into intention_t (id, intention_name, intention_type, 
      word_category_id, central_question_id, application_id, 
      create_by, create_time, update_by, 
      update_time, remove)
    values (#{id,jdbcType=DECIMAL}, #{intentionName,jdbcType=VARCHAR}, #{intentionType,jdbcType=VARCHAR}, 
      #{wordCategoryId,jdbcType=DECIMAL}, #{centralQuestionId,jdbcType=DECIMAL}, #{applicationId,jdbcType=DECIMAL}, 
      #{createBy,jdbcType=DECIMAL}, #{createTime,jdbcType=TIMESTAMP}, #{updateBy,jdbcType=DECIMAL}, 
      #{updateTime,jdbcType=TIMESTAMP}, #{remove,jdbcType=BIT})
  </insert>
  <insert id="insertSelective" parameterType="com.robot.pojo.IntentionT">
    insert into intention_t
    <trim prefix="(" suffix=")" suffixOverrides=",">
      <if test="id != null">
        id,
      </if>
      <if test="intentionName != null">
        intention_name,
      </if>
      <if test="intentionType != null">
        intention_type,
      </if>
      <if test="wordCategoryId != null">
        word_category_id,
      </if>
      <if test="centralQuestionId != null">
        central_question_id,
      </if>
      <if test="applicationId != null">
        application_id,
      </if>
      <if test="createBy != null">
        create_by,
      </if>
      <if test="createTime != null">
        create_time,
      </if>
      <if test="updateBy != null">
        update_by,
      </if>
      <if test="updateTime != null">
        update_time,
      </if>
      <if test="remove != null">
        remove,
      </if>
    </trim>
    <trim prefix="values (" suffix=")" suffixOverrides=",">
      <if test="id != null">
        #{id,jdbcType=DECIMAL},
      </if>
      <if test="intentionName != null">
        #{intentionName,jdbcType=VARCHAR},
      </if>
      <if test="intentionType != null">
        #{intentionType,jdbcType=VARCHAR},
      </if>
      <if test="wordCategoryId != null">
        #{wordCategoryId,jdbcType=DECIMAL},
      </if>
      <if test="centralQuestionId != null">
        #{centralQuestionId,jdbcType=DECIMAL},
      </if>
      <if test="applicationId != null">
        #{applicationId,jdbcType=DECIMAL},
      </if>
      <if test="createBy != null">
        #{createBy,jdbcType=DECIMAL},
      </if>
      <if test="createTime != null">
        #{createTime,jdbcType=TIMESTAMP},
      </if>
      <if test="updateBy != null">
        #{updateBy,jdbcType=DECIMAL},
      </if>
      <if test="updateTime != null">
        #{updateTime,jdbcType=TIMESTAMP},
      </if>
      <if test="remove != null">
        #{remove,jdbcType=BIT},
      </if>
    </trim>
  </insert>
  <select id="countByExample" parameterType="com.robot.pojo.IntentionTExample" resultType="java.lang.Long">
    select count(*) from intention_t
    <if test="_parameter != null">
      <include refid="Example_Where_Clause" />
    </if>
  </select>
  <update id="updateByExampleSelective" parameterType="map">
    update intention_t
    <set>
      <if test="record.id != null">
        id = #{record.id,jdbcType=DECIMAL},
      </if>
      <if test="record.intentionName != null">
        intention_name = #{record.intentionName,jdbcType=VARCHAR},
      </if>
      <if test="record.intentionType != null">
        intention_type = #{record.intentionType,jdbcType=VARCHAR},
      </if>
      <if test="record.wordCategoryId != null">
        word_category_id = #{record.wordCategoryId,jdbcType=DECIMAL},
      </if>
      <if test="record.centralQuestionId != null">
        central_question_id = #{record.centralQuestionId,jdbcType=DECIMAL},
      </if>
      <if test="record.applicationId != null">
        application_id = #{record.applicationId,jdbcType=DECIMAL},
      </if>
      <if test="record.createBy != null">
        create_by = #{record.createBy,jdbcType=DECIMAL},
      </if>
      <if test="record.createTime != null">
        create_time = #{record.createTime,jdbcType=TIMESTAMP},
      </if>
      <if test="record.updateBy != null">
        update_by = #{record.updateBy,jdbcType=DECIMAL},
      </if>
      <if test="record.updateTime != null">
        update_time = #{record.updateTime,jdbcType=TIMESTAMP},
      </if>
      <if test="record.remove != null">
        remove = #{record.remove,jdbcType=BIT},
      </if>
    </set>
    <if test="_parameter != null">
      <include refid="Update_By_Example_Where_Clause" />
    </if>
  </update>
  <update id="updateByExample" parameterType="map">
    update intention_t
    set id = #{record.id,jdbcType=DECIMAL},
      intention_name = #{record.intentionName,jdbcType=VARCHAR},
      intention_type = #{record.intentionType,jdbcType=VARCHAR},
      word_category_id = #{record.wordCategoryId,jdbcType=DECIMAL},
      central_question_id = #{record.centralQuestionId,jdbcType=DECIMAL},
      application_id = #{record.applicationId,jdbcType=DECIMAL},
      create_by = #{record.createBy,jdbcType=DECIMAL},
      create_time = #{record.createTime,jdbcType=TIMESTAMP},
      update_by = #{record.updateBy,jdbcType=DECIMAL},
      update_time = #{record.updateTime,jdbcType=TIMESTAMP},
      remove = #{record.remove,jdbcType=BIT}
    <if test="_parameter != null">
      <include refid="Update_By_Example_Where_Clause" />
    </if>
  </update>
</mapper>