<?xml version="1.0" encoding="UTF-8"?>
<!DOCTYPE mapper PUBLIC "-//mybatis.org//DTD Mapper 3.0//EN" "http://mybatis.org/dtd/mybatis-3-mapper.dtd">
<mapper namespace="com.robot.mybatis.mapper.MatchRuleTMapper">
  <resultMap id="BaseResultMap" type="com.robot.pojo.MatchRuleT">
    <result column="id" jdbcType="DECIMAL" property="id" />
    <result column="match_rule" jdbcType="VARCHAR" property="matchRule" />
    <result column="match_type" jdbcType="VARCHAR" property="matchType" />
    <result column="match_source" jdbcType="VARCHAR" property="matchSource" />
    <result column="match_question" jdbcType="VARCHAR" property="matchQuestion" />
    <result column="return_values" jdbcType="VARCHAR" property="returnValues" />
    <result column="ordered_status" jdbcType="BIT" property="orderedStatus" />
    <result column="enabled_status" jdbcType="BIT" property="enabledStatus" />
    <result column="central_question_id" jdbcType="DECIMAL" property="centralQuestionId" />
    <result column="root_category" jdbcType="VARCHAR" property="rootCategory" />
    <result column="application_id" jdbcType="DECIMAL" property="applicationId" />
    <result column="create_by" jdbcType="DECIMAL" property="createBy" />
    <result column="create_time" jdbcType="TIMESTAMP" property="createTime" />
    <result column="update_by" jdbcType="DECIMAL" property="updateBy" />
    <result column="update_time" jdbcType="TIMESTAMP" property="updateTime" />
    <result column="remove" jdbcType="BIT" property="remove" />
    <result column="application_code" jdbcType="VARCHAR" property="applicationCode" />
    <result column="channel_code" jdbcType="VARCHAR" property="channelCode" />
    <result column="city_code" jdbcType="VARCHAR" property="cityCode" />
  </resultMap>
  <sql id="Example_Where_Clause">
    <where>
      <foreach collection="oredCriteria" item="criteria" separator="or">
        <if test="criteria.valid">
          <trim prefix="(" prefixOverrides="and" suffix=")">
            <foreach collection="criteria.criteria" item="criterion">
              <choose>
                <when test="criterion.noValue">
                  and ${criterion.condition}
                </when>
                <when test="criterion.singleValue">
                  and ${criterion.condition} #{criterion.value}
                </when>
                <when test="criterion.betweenValue">
                  and ${criterion.condition} #{criterion.value} and #{criterion.secondValue}
                </when>
                <when test="criterion.listValue">
                  and ${criterion.condition}
                  <foreach close=")" collection="criterion.value" item="listItem" open="(" separator=",">
                    #{listItem}
                  </foreach>
                </when>
              </choose>
            </foreach>
          </trim>
        </if>
      </foreach>
    </where>
  </sql>
  <sql id="Update_By_Example_Where_Clause">
    <where>
      <foreach collection="example.oredCriteria" item="criteria" separator="or">
        <if test="criteria.valid">
          <trim prefix="(" prefixOverrides="and" suffix=")">
            <foreach collection="criteria.criteria" item="criterion">
              <choose>
                <when test="criterion.noValue">
                  and ${criterion.condition}
                </when>
                <when test="criterion.singleValue">
                  and ${criterion.condition} #{criterion.value}
                </when>
                <when test="criterion.betweenValue">
                  and ${criterion.condition} #{criterion.value} and #{criterion.secondValue}
                </when>
                <when test="criterion.listValue">
                  and ${criterion.condition}
                  <foreach close=")" collection="criterion.value" item="listItem" open="(" separator=",">
                    #{listItem}
                  </foreach>
                </when>
              </choose>
            </foreach>
          </trim>
        </if>
      </foreach>
    </where>
  </sql>
  <sql id="Base_Column_List">
    id, match_rule, match_type, match_source, match_question, return_values, ordered_status, 
    enabled_status, central_question_id, root_category, application_id, create_by, create_time, 
    update_by, update_time, remove, application_code, channel_code, city_code
  </sql>
  <select id="selectByExample" parameterType="com.robot.pojo.MatchRuleTExample" resultMap="BaseResultMap">
    select
    <if test="distinct">
      distinct
    </if>
    <include refid="Base_Column_List" />
    from match_rule_t
    <if test="_parameter != null">
      <include refid="Example_Where_Clause" />
    </if>
    <if test="orderByClause != null">
      order by ${orderByClause}
    </if>
  </select>
  <delete id="deleteByExample" parameterType="com.robot.pojo.MatchRuleTExample">
    delete from match_rule_t
    <if test="_parameter != null">
      <include refid="Example_Where_Clause" />
    </if>
  </delete>
  <insert id="insert" parameterType="com.robot.pojo.MatchRuleT">
    insert into match_rule_t (id, match_rule, match_type, 
      match_source, match_question, return_values, 
      ordered_status, enabled_status, central_question_id, 
      root_category, application_id, create_by, 
      create_time, update_by, update_time, 
      remove, application_code, channel_code, 
      city_code)
    values (#{id,jdbcType=DECIMAL}, #{matchRule,jdbcType=VARCHAR}, #{matchType,jdbcType=VARCHAR}, 
      #{matchSource,jdbcType=VARCHAR}, #{matchQuestion,jdbcType=VARCHAR}, #{returnValues,jdbcType=VARCHAR}, 
      #{orderedStatus,jdbcType=BIT}, #{enabledStatus,jdbcType=BIT}, #{centralQuestionId,jdbcType=DECIMAL}, 
      #{rootCategory,jdbcType=VARCHAR}, #{applicationId,jdbcType=DECIMAL}, #{createBy,jdbcType=DECIMAL}, 
      #{createTime,jdbcType=TIMESTAMP}, #{updateBy,jdbcType=DECIMAL}, #{updateTime,jdbcType=TIMESTAMP}, 
      #{remove,jdbcType=BIT}, #{applicationCode,jdbcType=VARCHAR}, #{channelCode,jdbcType=VARCHAR}, 
      #{cityCode,jdbcType=VARCHAR})
  </insert>
  <insert id="insertSelective" parameterType="com.robot.pojo.MatchRuleT">
    insert into match_rule_t
    <trim prefix="(" suffix=")" suffixOverrides=",">
      <if test="id != null">
        id,
      </if>
      <if test="matchRule != null">
        match_rule,
      </if>
      <if test="matchType != null">
        match_type,
      </if>
      <if test="matchSource != null">
        match_source,
      </if>
      <if test="matchQuestion != null">
        match_question,
      </if>
      <if test="returnValues != null">
        return_values,
      </if>
      <if test="orderedStatus != null">
        ordered_status,
      </if>
      <if test="enabledStatus != null">
        enabled_status,
      </if>
      <if test="centralQuestionId != null">
        central_question_id,
      </if>
      <if test="rootCategory != null">
        root_category,
      </if>
      <if test="applicationId != null">
        application_id,
      </if>
      <if test="createBy != null">
        create_by,
      </if>
      <if test="createTime != null">
        create_time,
      </if>
      <if test="updateBy != null">
        update_by,
      </if>
      <if test="updateTime != null">
        update_time,
      </if>
      <if test="remove != null">
        remove,
      </if>
      <if test="applicationCode != null">
        application_code,
      </if>
      <if test="channelCode != null">
        channel_code,
      </if>
      <if test="cityCode != null">
        city_code,
      </if>
    </trim>
    <trim prefix="values (" suffix=")" suffixOverrides=",">
      <if test="id != null">
        #{id,jdbcType=DECIMAL},
      </if>
      <if test="matchRule != null">
        #{matchRule,jdbcType=VARCHAR},
      </if>
      <if test="matchType != null">
        #{matchType,jdbcType=VARCHAR},
      </if>
      <if test="matchSource != null">
        #{matchSource,jdbcType=VARCHAR},
      </if>
      <if test="matchQuestion != null">
        #{matchQuestion,jdbcType=VARCHAR},
      </if>
      <if test="returnValues != null">
        #{returnValues,jdbcType=VARCHAR},
      </if>
      <if test="orderedStatus != null">
        #{orderedStatus,jdbcType=BIT},
      </if>
      <if test="enabledStatus != null">
        #{enabledStatus,jdbcType=BIT},
      </if>
      <if test="centralQuestionId != null">
        #{centralQuestionId,jdbcType=DECIMAL},
      </if>
      <if test="rootCategory != null">
        #{rootCategory,jdbcType=VARCHAR},
      </if>
      <if test="applicationId != null">
        #{applicationId,jdbcType=DECIMAL},
      </if>
      <if test="createBy != null">
        #{createBy,jdbcType=DECIMAL},
      </if>
      <if test="createTime != null">
        #{createTime,jdbcType=TIMESTAMP},
      </if>
      <if test="updateBy != null">
        #{updateBy,jdbcType=DECIMAL},
      </if>
      <if test="updateTime != null">
        #{updateTime,jdbcType=TIMESTAMP},
      </if>
      <if test="remove != null">
        #{remove,jdbcType=BIT},
      </if>
      <if test="applicationCode != null">
        #{applicationCode,jdbcType=VARCHAR},
      </if>
      <if test="channelCode != null">
        #{channelCode,jdbcType=VARCHAR},
      </if>
      <if test="cityCode != null">
        #{cityCode,jdbcType=VARCHAR},
      </if>
    </trim>
  </insert>
  <select id="countByExample" parameterType="com.robot.pojo.MatchRuleTExample" resultType="java.lang.Long">
    select count(*) from match_rule_t
    <if test="_parameter != null">
      <include refid="Example_Where_Clause" />
    </if>
  </select>
  <update id="updateByExampleSelective" parameterType="map">
    update match_rule_t
    <set>
      <if test="record.id != null">
        id = #{record.id,jdbcType=DECIMAL},
      </if>
      <if test="record.matchRule != null">
        match_rule = #{record.matchRule,jdbcType=VARCHAR},
      </if>
      <if test="record.matchType != null">
        match_type = #{record.matchType,jdbcType=VARCHAR},
      </if>
      <if test="record.matchSource != null">
        match_source = #{record.matchSource,jdbcType=VARCHAR},
      </if>
      <if test="record.matchQuestion != null">
        match_question = #{record.matchQuestion,jdbcType=VARCHAR},
      </if>
      <if test="record.returnValues != null">
        return_values = #{record.returnValues,jdbcType=VARCHAR},
      </if>
      <if test="record.orderedStatus != null">
        ordered_status = #{record.orderedStatus,jdbcType=BIT},
      </if>
      <if test="record.enabledStatus != null">
        enabled_status = #{record.enabledStatus,jdbcType=BIT},
      </if>
      <if test="record.centralQuestionId != null">
        central_question_id = #{record.centralQuestionId,jdbcType=DECIMAL},
      </if>
      <if test="record.rootCategory != null">
        root_category = #{record.rootCategory,jdbcType=VARCHAR},
      </if>
      <if test="record.applicationId != null">
        application_id = #{record.applicationId,jdbcType=DECIMAL},
      </if>
      <if test="record.createBy != null">
        create_by = #{record.createBy,jdbcType=DECIMAL},
      </if>
      <if test="record.createTime != null">
        create_time = #{record.createTime,jdbcType=TIMESTAMP},
      </if>
      <if test="record.updateBy != null">
        update_by = #{record.updateBy,jdbcType=DECIMAL},
      </if>
      <if test="record.updateTime != null">
        update_time = #{record.updateTime,jdbcType=TIMESTAMP},
      </if>
      <if test="record.remove != null">
        remove = #{record.remove,jdbcType=BIT},
      </if>
      <if test="record.applicationCode != null">
        application_code = #{record.applicationCode,jdbcType=VARCHAR},
      </if>
      <if test="record.channelCode != null">
        channel_code = #{record.channelCode,jdbcType=VARCHAR},
      </if>
      <if test="record.cityCode != null">
        city_code = #{record.cityCode,jdbcType=VARCHAR},
      </if>
    </set>
    <if test="_parameter != null">
      <include refid="Update_By_Example_Where_Clause" />
    </if>
  </update>
  <update id="updateByExample" parameterType="map">
    update match_rule_t
    set id = #{record.id,jdbcType=DECIMAL},
      match_rule = #{record.matchRule,jdbcType=VARCHAR},
      match_type = #{record.matchType,jdbcType=VARCHAR},
      match_source = #{record.matchSource,jdbcType=VARCHAR},
      match_question = #{record.matchQuestion,jdbcType=VARCHAR},
      return_values = #{record.returnValues,jdbcType=VARCHAR},
      ordered_status = #{record.orderedStatus,jdbcType=BIT},
      enabled_status = #{record.enabledStatus,jdbcType=BIT},
      central_question_id = #{record.centralQuestionId,jdbcType=DECIMAL},
      root_category = #{record.rootCategory,jdbcType=VARCHAR},
      application_id = #{record.applicationId,jdbcType=DECIMAL},
      create_by = #{record.createBy,jdbcType=DECIMAL},
      create_time = #{record.createTime,jdbcType=TIMESTAMP},
      update_by = #{record.updateBy,jdbcType=DECIMAL},
      update_time = #{record.updateTime,jdbcType=TIMESTAMP},
      remove = #{record.remove,jdbcType=BIT},
      application_code = #{record.applicationCode,jdbcType=VARCHAR},
      channel_code = #{record.channelCode,jdbcType=VARCHAR},
      city_code = #{record.cityCode,jdbcType=VARCHAR}
    <if test="_parameter != null">
      <include refid="Update_By_Example_Where_Clause" />
    </if>
  </update>
</mapper>