<?xml version="1.0" encoding="UTF-8"?>
<!DOCTYPE mapper PUBLIC "-//mybatis.org//DTD Mapper 3.0//EN" "http://mybatis.org/dtd/mybatis-3-mapper.dtd">
<mapper namespace="com.robot.mybatis.mapper.QuestionAnswerTMapper">
  <resultMap id="BaseResultMap" type="com.robot.pojo.QuestionAnswerT">
    <result column="id" jdbcType="DECIMAL" property="id" />
    <result column="central_question_id" jdbcType="DECIMAL" property="centralQuestionId" />
    <result column="answer_type" jdbcType="VARCHAR" property="answerType" />
    <result column="answer_template_id" jdbcType="DECIMAL" property="answerTemplateId" />
    <result column="flow_id" jdbcType="DECIMAL" property="flowId" />
    <result column="root_category" jdbcType="VARCHAR" property="rootCategory" />
    <result column="application_id" jdbcType="DECIMAL" property="applicationId" />
    <result column="application_code" jdbcType="VARCHAR" property="applicationCode" />
    <result column="channel_code" jdbcType="VARCHAR" property="channelCode" />
    <result column="city_code" jdbcType="VARCHAR" property="cityCode" />
    <result column="create_by" jdbcType="DECIMAL" property="createBy" />
    <result column="create_time" jdbcType="TIMESTAMP" property="createTime" />
    <result column="update_by" jdbcType="DECIMAL" property="updateBy" />
    <result column="update_time" jdbcType="TIMESTAMP" property="updateTime" />
    <result column="remove" jdbcType="BIT" property="remove" />
  </resultMap>
  <resultMap extends="BaseResultMap" id="ResultMapWithBLOBs" type="com.robot.pojo.QuestionAnswerT">
    <result column="answer_content" jdbcType="LONGVARCHAR" property="answerContent" />
  </resultMap>
  <sql id="Example_Where_Clause">
    <where>
      <foreach collection="oredCriteria" item="criteria" separator="or">
        <if test="criteria.valid">
          <trim prefix="(" prefixOverrides="and" suffix=")">
            <foreach collection="criteria.criteria" item="criterion">
              <choose>
                <when test="criterion.noValue">
                  and ${criterion.condition}
                </when>
                <when test="criterion.singleValue">
                  and ${criterion.condition} #{criterion.value}
                </when>
                <when test="criterion.betweenValue">
                  and ${criterion.condition} #{criterion.value} and #{criterion.secondValue}
                </when>
                <when test="criterion.listValue">
                  and ${criterion.condition}
                  <foreach close=")" collection="criterion.value" item="listItem" open="(" separator=",">
                    #{listItem}
                  </foreach>
                </when>
              </choose>
            </foreach>
          </trim>
        </if>
      </foreach>
    </where>
  </sql>
  <sql id="Update_By_Example_Where_Clause">
    <where>
      <foreach collection="example.oredCriteria" item="criteria" separator="or">
        <if test="criteria.valid">
          <trim prefix="(" prefixOverrides="and" suffix=")">
            <foreach collection="criteria.criteria" item="criterion">
              <choose>
                <when test="criterion.noValue">
                  and ${criterion.condition}
                </when>
                <when test="criterion.singleValue">
                  and ${criterion.condition} #{criterion.value}
                </when>
                <when test="criterion.betweenValue">
                  and ${criterion.condition} #{criterion.value} and #{criterion.secondValue}
                </when>
                <when test="criterion.listValue">
                  and ${criterion.condition}
                  <foreach close=")" collection="criterion.value" item="listItem" open="(" separator=",">
                    #{listItem}
                  </foreach>
                </when>
              </choose>
            </foreach>
          </trim>
        </if>
      </foreach>
    </where>
  </sql>
  <sql id="Base_Column_List">
    id, central_question_id, answer_type, answer_template_id, flow_id, root_category, 
    application_id, application_code, channel_code, city_code, create_by, create_time, 
    update_by, update_time, remove
  </sql>
  <sql id="Blob_Column_List">
    answer_content
  </sql>
  <select id="selectByExampleWithBLOBs" parameterType="com.robot.pojo.QuestionAnswerTExample" resultMap="ResultMapWithBLOBs">
    select
    <if test="distinct">
      distinct
    </if>
    <include refid="Base_Column_List" />
    ,
    <include refid="Blob_Column_List" />
    from question_answer_t
    <if test="_parameter != null">
      <include refid="Example_Where_Clause" />
    </if>
    <if test="orderByClause != null">
      order by ${orderByClause}
    </if>
  </select>
  <select id="selectByExample" parameterType="com.robot.pojo.QuestionAnswerTExample" resultMap="BaseResultMap">
    select
    <if test="distinct">
      distinct
    </if>
    <include refid="Base_Column_List" />
    from question_answer_t
    <if test="_parameter != null">
      <include refid="Example_Where_Clause" />
    </if>
    <if test="orderByClause != null">
      order by ${orderByClause}
    </if>
  </select>
  <delete id="deleteByExample" parameterType="com.robot.pojo.QuestionAnswerTExample">
    delete from question_answer_t
    <if test="_parameter != null">
      <include refid="Example_Where_Clause" />
    </if>
  </delete>
  <insert id="insert" parameterType="com.robot.pojo.QuestionAnswerT">
    insert into question_answer_t (id, central_question_id, answer_type, 
      answer_template_id, flow_id, root_category, 
      application_id, application_code, channel_code, 
      city_code, create_by, create_time, 
      update_by, update_time, remove, 
      answer_content)
    values (#{id,jdbcType=DECIMAL}, #{centralQuestionId,jdbcType=DECIMAL}, #{answerType,jdbcType=VARCHAR}, 
      #{answerTemplateId,jdbcType=DECIMAL}, #{flowId,jdbcType=DECIMAL}, #{rootCategory,jdbcType=VARCHAR}, 
      #{applicationId,jdbcType=DECIMAL}, #{applicationCode,jdbcType=VARCHAR}, #{channelCode,jdbcType=VARCHAR}, 
      #{cityCode,jdbcType=VARCHAR}, #{createBy,jdbcType=DECIMAL}, #{createTime,jdbcType=TIMESTAMP}, 
      #{updateBy,jdbcType=DECIMAL}, #{updateTime,jdbcType=TIMESTAMP}, #{remove,jdbcType=BIT}, 
      #{answerContent,jdbcType=LONGVARCHAR})
  </insert>
  <insert id="insertSelective" parameterType="com.robot.pojo.QuestionAnswerT">
    insert into question_answer_t
    <trim prefix="(" suffix=")" suffixOverrides=",">
      <if test="id != null">
        id,
      </if>
      <if test="centralQuestionId != null">
        central_question_id,
      </if>
      <if test="answerType != null">
        answer_type,
      </if>
      <if test="answerTemplateId != null">
        answer_template_id,
      </if>
      <if test="flowId != null">
        flow_id,
      </if>
      <if test="rootCategory != null">
        root_category,
      </if>
      <if test="applicationId != null">
        application_id,
      </if>
      <if test="applicationCode != null">
        application_code,
      </if>
      <if test="channelCode != null">
        channel_code,
      </if>
      <if test="cityCode != null">
        city_code,
      </if>
      <if test="createBy != null">
        create_by,
      </if>
      <if test="createTime != null">
        create_time,
      </if>
      <if test="updateBy != null">
        update_by,
      </if>
      <if test="updateTime != null">
        update_time,
      </if>
      <if test="remove != null">
        remove,
      </if>
      <if test="answerContent != null">
        answer_content,
      </if>
    </trim>
    <trim prefix="values (" suffix=")" suffixOverrides=",">
      <if test="id != null">
        #{id,jdbcType=DECIMAL},
      </if>
      <if test="centralQuestionId != null">
        #{centralQuestionId,jdbcType=DECIMAL},
      </if>
      <if test="answerType != null">
        #{answerType,jdbcType=VARCHAR},
      </if>
      <if test="answerTemplateId != null">
        #{answerTemplateId,jdbcType=DECIMAL},
      </if>
      <if test="flowId != null">
        #{flowId,jdbcType=DECIMAL},
      </if>
      <if test="rootCategory != null">
        #{rootCategory,jdbcType=VARCHAR},
      </if>
      <if test="applicationId != null">
        #{applicationId,jdbcType=DECIMAL},
      </if>
      <if test="applicationCode != null">
        #{applicationCode,jdbcType=VARCHAR},
      </if>
      <if test="channelCode != null">
        #{channelCode,jdbcType=VARCHAR},
      </if>
      <if test="cityCode != null">
        #{cityCode,jdbcType=VARCHAR},
      </if>
      <if test="createBy != null">
        #{createBy,jdbcType=DECIMAL},
      </if>
      <if test="createTime != null">
        #{createTime,jdbcType=TIMESTAMP},
      </if>
      <if test="updateBy != null">
        #{updateBy,jdbcType=DECIMAL},
      </if>
      <if test="updateTime != null">
        #{updateTime,jdbcType=TIMESTAMP},
      </if>
      <if test="remove != null">
        #{remove,jdbcType=BIT},
      </if>
      <if test="answerContent != null">
        #{answerContent,jdbcType=LONGVARCHAR},
      </if>
    </trim>
  </insert>
  <select id="countByExample" parameterType="com.robot.pojo.QuestionAnswerTExample" resultType="java.lang.Long">
    select count(*) from question_answer_t
    <if test="_parameter != null">
      <include refid="Example_Where_Clause" />
    </if>
  </select>
  <update id="updateByExampleSelective" parameterType="map">
    update question_answer_t
    <set>
      <if test="record.id != null">
        id = #{record.id,jdbcType=DECIMAL},
      </if>
      <if test="record.centralQuestionId != null">
        central_question_id = #{record.centralQuestionId,jdbcType=DECIMAL},
      </if>
      <if test="record.answerType != null">
        answer_type = #{record.answerType,jdbcType=VARCHAR},
      </if>
      <if test="record.answerTemplateId != null">
        answer_template_id = #{record.answerTemplateId,jdbcType=DECIMAL},
      </if>
      <if test="record.flowId != null">
        flow_id = #{record.flowId,jdbcType=DECIMAL},
      </if>
      <if test="record.rootCategory != null">
        root_category = #{record.rootCategory,jdbcType=VARCHAR},
      </if>
      <if test="record.applicationId != null">
        application_id = #{record.applicationId,jdbcType=DECIMAL},
      </if>
      <if test="record.applicationCode != null">
        application_code = #{record.applicationCode,jdbcType=VARCHAR},
      </if>
      <if test="record.channelCode != null">
        channel_code = #{record.channelCode,jdbcType=VARCHAR},
      </if>
      <if test="record.cityCode != null">
        city_code = #{record.cityCode,jdbcType=VARCHAR},
      </if>
      <if test="record.createBy != null">
        create_by = #{record.createBy,jdbcType=DECIMAL},
      </if>
      <if test="record.createTime != null">
        create_time = #{record.createTime,jdbcType=TIMESTAMP},
      </if>
      <if test="record.updateBy != null">
        update_by = #{record.updateBy,jdbcType=DECIMAL},
      </if>
      <if test="record.updateTime != null">
        update_time = #{record.updateTime,jdbcType=TIMESTAMP},
      </if>
      <if test="record.remove != null">
        remove = #{record.remove,jdbcType=BIT},
      </if>
      <if test="record.answerContent != null">
        answer_content = #{record.answerContent,jdbcType=LONGVARCHAR},
      </if>
    </set>
    <if test="_parameter != null">
      <include refid="Update_By_Example_Where_Clause" />
    </if>
  </update>
  <update id="updateByExampleWithBLOBs" parameterType="map">
    update question_answer_t
    set id = #{record.id,jdbcType=DECIMAL},
      central_question_id = #{record.centralQuestionId,jdbcType=DECIMAL},
      answer_type = #{record.answerType,jdbcType=VARCHAR},
      answer_template_id = #{record.answerTemplateId,jdbcType=DECIMAL},
      flow_id = #{record.flowId,jdbcType=DECIMAL},
      root_category = #{record.rootCategory,jdbcType=VARCHAR},
      application_id = #{record.applicationId,jdbcType=DECIMAL},
      application_code = #{record.applicationCode,jdbcType=VARCHAR},
      channel_code = #{record.channelCode,jdbcType=VARCHAR},
      city_code = #{record.cityCode,jdbcType=VARCHAR},
      create_by = #{record.createBy,jdbcType=DECIMAL},
      create_time = #{record.createTime,jdbcType=TIMESTAMP},
      update_by = #{record.updateBy,jdbcType=DECIMAL},
      update_time = #{record.updateTime,jdbcType=TIMESTAMP},
      remove = #{record.remove,jdbcType=BIT},
      answer_content = #{record.answerContent,jdbcType=LONGVARCHAR}
    <if test="_parameter != null">
      <include refid="Update_By_Example_Where_Clause" />
    </if>
  </update>
  <update id="updateByExample" parameterType="map">
    update question_answer_t
    set id = #{record.id,jdbcType=DECIMAL},
      central_question_id = #{record.centralQuestionId,jdbcType=DECIMAL},
      answer_type = #{record.answerType,jdbcType=VARCHAR},
      answer_template_id = #{record.answerTemplateId,jdbcType=DECIMAL},
      flow_id = #{record.flowId,jdbcType=DECIMAL},
      root_category = #{record.rootCategory,jdbcType=VARCHAR},
      application_id = #{record.applicationId,jdbcType=DECIMAL},
      application_code = #{record.applicationCode,jdbcType=VARCHAR},
      channel_code = #{record.channelCode,jdbcType=VARCHAR},
      city_code = #{record.cityCode,jdbcType=VARCHAR},
      create_by = #{record.createBy,jdbcType=DECIMAL},
      create_time = #{record.createTime,jdbcType=TIMESTAMP},
      update_by = #{record.updateBy,jdbcType=DECIMAL},
      update_time = #{record.updateTime,jdbcType=TIMESTAMP},
      remove = #{record.remove,jdbcType=BIT}
    <if test="_parameter != null">
      <include refid="Update_By_Example_Where_Clause" />
    </if>
  </update>
</mapper>