<?xml version="1.0" encoding="UTF-8"?>
<!DOCTYPE mapper PUBLIC "-//mybatis.org//DTD Mapper 3.0//EN" "http://mybatis.org/dtd/mybatis-3-mapper.dtd">
<mapper namespace="com.robot.mybatis.mapper.QuestionExtendTMapper">
  <resultMap id="BaseResultMap" type="com.robot.pojo.QuestionExtendT">
    <result column="id" jdbcType="DECIMAL" property="id" />
    <result column="extend_question_name" jdbcType="VARCHAR" property="extendQuestionName" />
    <result column="central_question_id" jdbcType="DECIMAL" property="centralQuestionId" />
    <result column="exclusive_status" jdbcType="BIT" property="exclusiveStatus" />
    <result column="question_type" jdbcType="BIT" property="questionType" />
    <result column="train_status" jdbcType="BIT" property="trainStatus" />
    <result column="understand_status" jdbcType="BIT" property="understandStatus" />
    <result column="root_category" jdbcType="VARCHAR" property="rootCategory" />
    <result column="application_id" jdbcType="DECIMAL" property="applicationId" />
    <result column="application_code" jdbcType="VARCHAR" property="applicationCode" />
    <result column="channel_code" jdbcType="VARCHAR" property="channelCode" />
    <result column="city_code" jdbcType="VARCHAR" property="cityCode" />
    <result column="create_by" jdbcType="DECIMAL" property="createBy" />
    <result column="create_time" jdbcType="TIMESTAMP" property="createTime" />
    <result column="update_by" jdbcType="DECIMAL" property="updateBy" />
    <result column="update_time" jdbcType="TIMESTAMP" property="updateTime" />
    <result column="remove" jdbcType="BIT" property="remove" />
  </resultMap>
  <resultMap extends="BaseResultMap" id="ResultMapWithBLOBs" type="com.robot.pojo.QuestionExtendT">
    <result column="understand_result" jdbcType="LONGVARCHAR" property="understandResult" />
  </resultMap>
  <sql id="Example_Where_Clause">
    <where>
      <foreach collection="oredCriteria" item="criteria" separator="or">
        <if test="criteria.valid">
          <trim prefix="(" prefixOverrides="and" suffix=")">
            <foreach collection="criteria.criteria" item="criterion">
              <choose>
                <when test="criterion.noValue">
                  and ${criterion.condition}
                </when>
                <when test="criterion.singleValue">
                  and ${criterion.condition} #{criterion.value}
                </when>
                <when test="criterion.betweenValue">
                  and ${criterion.condition} #{criterion.value} and #{criterion.secondValue}
                </when>
                <when test="criterion.listValue">
                  and ${criterion.condition}
                  <foreach close=")" collection="criterion.value" item="listItem" open="(" separator=",">
                    #{listItem}
                  </foreach>
                </when>
              </choose>
            </foreach>
          </trim>
        </if>
      </foreach>
    </where>
  </sql>
  <sql id="Update_By_Example_Where_Clause">
    <where>
      <foreach collection="example.oredCriteria" item="criteria" separator="or">
        <if test="criteria.valid">
          <trim prefix="(" prefixOverrides="and" suffix=")">
            <foreach collection="criteria.criteria" item="criterion">
              <choose>
                <when test="criterion.noValue">
                  and ${criterion.condition}
                </when>
                <when test="criterion.singleValue">
                  and ${criterion.condition} #{criterion.value}
                </when>
                <when test="criterion.betweenValue">
                  and ${criterion.condition} #{criterion.value} and #{criterion.secondValue}
                </when>
                <when test="criterion.listValue">
                  and ${criterion.condition}
                  <foreach close=")" collection="criterion.value" item="listItem" open="(" separator=",">
                    #{listItem}
                  </foreach>
                </when>
              </choose>
            </foreach>
          </trim>
        </if>
      </foreach>
    </where>
  </sql>
  <sql id="Base_Column_List">
    id, extend_question_name, central_question_id, exclusive_status, question_type, train_status, 
    understand_status, root_category, application_id, application_code, channel_code, 
    city_code, create_by, create_time, update_by, update_time, remove
  </sql>
  <sql id="Blob_Column_List">
    understand_result
  </sql>
  <select id="selectByExampleWithBLOBs" parameterType="com.robot.pojo.QuestionExtendTExample" resultMap="ResultMapWithBLOBs">
    select
    <if test="distinct">
      distinct
    </if>
    <include refid="Base_Column_List" />
    ,
    <include refid="Blob_Column_List" />
    from question_extend_t
    <if test="_parameter != null">
      <include refid="Example_Where_Clause" />
    </if>
    <if test="orderByClause != null">
      order by ${orderByClause}
    </if>
  </select>
  <select id="selectByExample" parameterType="com.robot.pojo.QuestionExtendTExample" resultMap="BaseResultMap">
    select
    <if test="distinct">
      distinct
    </if>
    <include refid="Base_Column_List" />
    from question_extend_t
    <if test="_parameter != null">
      <include refid="Example_Where_Clause" />
    </if>
    <if test="orderByClause != null">
      order by ${orderByClause}
    </if>
  </select>
  <delete id="deleteByExample" parameterType="com.robot.pojo.QuestionExtendTExample">
    delete from question_extend_t
    <if test="_parameter != null">
      <include refid="Example_Where_Clause" />
    </if>
  </delete>
  <insert id="insert" parameterType="com.robot.pojo.QuestionExtendT">
    insert into question_extend_t (id, extend_question_name, central_question_id, 
      exclusive_status, question_type, train_status, 
      understand_status, root_category, application_id, 
      application_code, channel_code, city_code, 
      create_by, create_time, update_by, 
      update_time, remove, understand_result
      )
    values (#{id,jdbcType=DECIMAL}, #{extendQuestionName,jdbcType=VARCHAR}, #{centralQuestionId,jdbcType=DECIMAL}, 
      #{exclusiveStatus,jdbcType=BIT}, #{questionType,jdbcType=BIT}, #{trainStatus,jdbcType=BIT}, 
      #{understandStatus,jdbcType=BIT}, #{rootCategory,jdbcType=VARCHAR}, #{applicationId,jdbcType=DECIMAL}, 
      #{applicationCode,jdbcType=VARCHAR}, #{channelCode,jdbcType=VARCHAR}, #{cityCode,jdbcType=VARCHAR}, 
      #{createBy,jdbcType=DECIMAL}, #{createTime,jdbcType=TIMESTAMP}, #{updateBy,jdbcType=DECIMAL}, 
      #{updateTime,jdbcType=TIMESTAMP}, #{remove,jdbcType=BIT}, #{understandResult,jdbcType=LONGVARCHAR}
      )
  </insert>
  <insert id="insertSelective" parameterType="com.robot.pojo.QuestionExtendT">
    insert into question_extend_t
    <trim prefix="(" suffix=")" suffixOverrides=",">
      <if test="id != null">
        id,
      </if>
      <if test="extendQuestionName != null">
        extend_question_name,
      </if>
      <if test="centralQuestionId != null">
        central_question_id,
      </if>
      <if test="exclusiveStatus != null">
        exclusive_status,
      </if>
      <if test="questionType != null">
        question_type,
      </if>
      <if test="trainStatus != null">
        train_status,
      </if>
      <if test="understandStatus != null">
        understand_status,
      </if>
      <if test="rootCategory != null">
        root_category,
      </if>
      <if test="applicationId != null">
        application_id,
      </if>
      <if test="applicationCode != null">
        application_code,
      </if>
      <if test="channelCode != null">
        channel_code,
      </if>
      <if test="cityCode != null">
        city_code,
      </if>
      <if test="createBy != null">
        create_by,
      </if>
      <if test="createTime != null">
        create_time,
      </if>
      <if test="updateBy != null">
        update_by,
      </if>
      <if test="updateTime != null">
        update_time,
      </if>
      <if test="remove != null">
        remove,
      </if>
      <if test="understandResult != null">
        understand_result,
      </if>
    </trim>
    <trim prefix="values (" suffix=")" suffixOverrides=",">
      <if test="id != null">
        #{id,jdbcType=DECIMAL},
      </if>
      <if test="extendQuestionName != null">
        #{extendQuestionName,jdbcType=VARCHAR},
      </if>
      <if test="centralQuestionId != null">
        #{centralQuestionId,jdbcType=DECIMAL},
      </if>
      <if test="exclusiveStatus != null">
        #{exclusiveStatus,jdbcType=BIT},
      </if>
      <if test="questionType != null">
        #{questionType,jdbcType=BIT},
      </if>
      <if test="trainStatus != null">
        #{trainStatus,jdbcType=BIT},
      </if>
      <if test="understandStatus != null">
        #{understandStatus,jdbcType=BIT},
      </if>
      <if test="rootCategory != null">
        #{rootCategory,jdbcType=VARCHAR},
      </if>
      <if test="applicationId != null">
        #{applicationId,jdbcType=DECIMAL},
      </if>
      <if test="applicationCode != null">
        #{applicationCode,jdbcType=VARCHAR},
      </if>
      <if test="channelCode != null">
        #{channelCode,jdbcType=VARCHAR},
      </if>
      <if test="cityCode != null">
        #{cityCode,jdbcType=VARCHAR},
      </if>
      <if test="createBy != null">
        #{createBy,jdbcType=DECIMAL},
      </if>
      <if test="createTime != null">
        #{createTime,jdbcType=TIMESTAMP},
      </if>
      <if test="updateBy != null">
        #{updateBy,jdbcType=DECIMAL},
      </if>
      <if test="updateTime != null">
        #{updateTime,jdbcType=TIMESTAMP},
      </if>
      <if test="remove != null">
        #{remove,jdbcType=BIT},
      </if>
      <if test="understandResult != null">
        #{understandResult,jdbcType=LONGVARCHAR},
      </if>
    </trim>
  </insert>
  <select id="countByExample" parameterType="com.robot.pojo.QuestionExtendTExample" resultType="java.lang.Long">
    select count(*) from question_extend_t
    <if test="_parameter != null">
      <include refid="Example_Where_Clause" />
    </if>
  </select>
  <update id="updateByExampleSelective" parameterType="map">
    update question_extend_t
    <set>
      <if test="record.id != null">
        id = #{record.id,jdbcType=DECIMAL},
      </if>
      <if test="record.extendQuestionName != null">
        extend_question_name = #{record.extendQuestionName,jdbcType=VARCHAR},
      </if>
      <if test="record.centralQuestionId != null">
        central_question_id = #{record.centralQuestionId,jdbcType=DECIMAL},
      </if>
      <if test="record.exclusiveStatus != null">
        exclusive_status = #{record.exclusiveStatus,jdbcType=BIT},
      </if>
      <if test="record.questionType != null">
        question_type = #{record.questionType,jdbcType=BIT},
      </if>
      <if test="record.trainStatus != null">
        train_status = #{record.trainStatus,jdbcType=BIT},
      </if>
      <if test="record.understandStatus != null">
        understand_status = #{record.understandStatus,jdbcType=BIT},
      </if>
      <if test="record.rootCategory != null">
        root_category = #{record.rootCategory,jdbcType=VARCHAR},
      </if>
      <if test="record.applicationId != null">
        application_id = #{record.applicationId,jdbcType=DECIMAL},
      </if>
      <if test="record.applicationCode != null">
        application_code = #{record.applicationCode,jdbcType=VARCHAR},
      </if>
      <if test="record.channelCode != null">
        channel_code = #{record.channelCode,jdbcType=VARCHAR},
      </if>
      <if test="record.cityCode != null">
        city_code = #{record.cityCode,jdbcType=VARCHAR},
      </if>
      <if test="record.createBy != null">
        create_by = #{record.createBy,jdbcType=DECIMAL},
      </if>
      <if test="record.createTime != null">
        create_time = #{record.createTime,jdbcType=TIMESTAMP},
      </if>
      <if test="record.updateBy != null">
        update_by = #{record.updateBy,jdbcType=DECIMAL},
      </if>
      <if test="record.updateTime != null">
        update_time = #{record.updateTime,jdbcType=TIMESTAMP},
      </if>
      <if test="record.remove != null">
        remove = #{record.remove,jdbcType=BIT},
      </if>
      <if test="record.understandResult != null">
        understand_result = #{record.understandResult,jdbcType=LONGVARCHAR},
      </if>
    </set>
    <if test="_parameter != null">
      <include refid="Update_By_Example_Where_Clause" />
    </if>
  </update>
  <update id="updateByExampleWithBLOBs" parameterType="map">
    update question_extend_t
    set id = #{record.id,jdbcType=DECIMAL},
      extend_question_name = #{record.extendQuestionName,jdbcType=VARCHAR},
      central_question_id = #{record.centralQuestionId,jdbcType=DECIMAL},
      exclusive_status = #{record.exclusiveStatus,jdbcType=BIT},
      question_type = #{record.questionType,jdbcType=BIT},
      train_status = #{record.trainStatus,jdbcType=BIT},
      understand_status = #{record.understandStatus,jdbcType=BIT},
      root_category = #{record.rootCategory,jdbcType=VARCHAR},
      application_id = #{record.applicationId,jdbcType=DECIMAL},
      application_code = #{record.applicationCode,jdbcType=VARCHAR},
      channel_code = #{record.channelCode,jdbcType=VARCHAR},
      city_code = #{record.cityCode,jdbcType=VARCHAR},
      create_by = #{record.createBy,jdbcType=DECIMAL},
      create_time = #{record.createTime,jdbcType=TIMESTAMP},
      update_by = #{record.updateBy,jdbcType=DECIMAL},
      update_time = #{record.updateTime,jdbcType=TIMESTAMP},
      remove = #{record.remove,jdbcType=BIT},
      understand_result = #{record.understandResult,jdbcType=LONGVARCHAR}
    <if test="_parameter != null">
      <include refid="Update_By_Example_Where_Clause" />
    </if>
  </update>
  <update id="updateByExample" parameterType="map">
    update question_extend_t
    set id = #{record.id,jdbcType=DECIMAL},
      extend_question_name = #{record.extendQuestionName,jdbcType=VARCHAR},
      central_question_id = #{record.centralQuestionId,jdbcType=DECIMAL},
      exclusive_status = #{record.exclusiveStatus,jdbcType=BIT},
      question_type = #{record.questionType,jdbcType=BIT},
      train_status = #{record.trainStatus,jdbcType=BIT},
      understand_status = #{record.understandStatus,jdbcType=BIT},
      root_category = #{record.rootCategory,jdbcType=VARCHAR},
      application_id = #{record.applicationId,jdbcType=DECIMAL},
      application_code = #{record.applicationCode,jdbcType=VARCHAR},
      channel_code = #{record.channelCode,jdbcType=VARCHAR},
      city_code = #{record.cityCode,jdbcType=VARCHAR},
      create_by = #{record.createBy,jdbcType=DECIMAL},
      create_time = #{record.createTime,jdbcType=TIMESTAMP},
      update_by = #{record.updateBy,jdbcType=DECIMAL},
      update_time = #{record.updateTime,jdbcType=TIMESTAMP},
      remove = #{record.remove,jdbcType=BIT}
    <if test="_parameter != null">
      <include refid="Update_By_Example_Where_Clause" />
    </if>
  </update>
</mapper>