<?xml version="1.0" encoding="UTF-8"?>
<!DOCTYPE mapper PUBLIC "-//mybatis.org//DTD Mapper 3.0//EN" "http://mybatis.org/dtd/mybatis-3-mapper.dtd">
<mapper namespace="com.robot.mybatis.mapper.QuestionCategoryTMapper">
  <resultMap id="BaseResultMap" type="com.robot.pojo.QuestionCategoryT">
    <result column="id" jdbcType="DECIMAL" property="id" />
    <result column="parent_category_id" jdbcType="DECIMAL" property="parentCategoryId" />
    <result column="category_name" jdbcType="VARCHAR" property="categoryName" />
    <result column="min_score" jdbcType="DECIMAL" property="minScore" />
    <result column="root_category" jdbcType="VARCHAR" property="rootCategory" />
    <result column="application_id" jdbcType="DECIMAL" property="applicationId" />
    <result column="application_code" jdbcType="VARCHAR" property="applicationCode" />
    <result column="channel_code" jdbcType="VARCHAR" property="channelCode" />
    <result column="city_code" jdbcType="VARCHAR" property="cityCode" />
    <result column="enabled_status" jdbcType="BIT" property="enabledStatus" />
    <result column="create_by" jdbcType="DECIMAL" property="createBy" />
    <result column="create_time" jdbcType="TIMESTAMP" property="createTime" />
    <result column="update_by" jdbcType="DECIMAL" property="updateBy" />
    <result column="update_time" jdbcType="TIMESTAMP" property="updateTime" />
    <result column="remove" jdbcType="BIT" property="remove" />
  </resultMap>
  <sql id="Example_Where_Clause">
    <where>
      <foreach collection="oredCriteria" item="criteria" separator="or">
        <if test="criteria.valid">
          <trim prefix="(" prefixOverrides="and" suffix=")">
            <foreach collection="criteria.criteria" item="criterion">
              <choose>
                <when test="criterion.noValue">
                  and ${criterion.condition}
                </when>
                <when test="criterion.singleValue">
                  and ${criterion.condition} #{criterion.value}
                </when>
                <when test="criterion.betweenValue">
                  and ${criterion.condition} #{criterion.value} and #{criterion.secondValue}
                </when>
                <when test="criterion.listValue">
                  and ${criterion.condition}
                  <foreach close=")" collection="criterion.value" item="listItem" open="(" separator=",">
                    #{listItem}
                  </foreach>
                </when>
              </choose>
            </foreach>
          </trim>
        </if>
      </foreach>
    </where>
  </sql>
  <sql id="Update_By_Example_Where_Clause">
    <where>
      <foreach collection="example.oredCriteria" item="criteria" separator="or">
        <if test="criteria.valid">
          <trim prefix="(" prefixOverrides="and" suffix=")">
            <foreach collection="criteria.criteria" item="criterion">
              <choose>
                <when test="criterion.noValue">
                  and ${criterion.condition}
                </when>
                <when test="criterion.singleValue">
                  and ${criterion.condition} #{criterion.value}
                </when>
                <when test="criterion.betweenValue">
                  and ${criterion.condition} #{criterion.value} and #{criterion.secondValue}
                </when>
                <when test="criterion.listValue">
                  and ${criterion.condition}
                  <foreach close=")" collection="criterion.value" item="listItem" open="(" separator=",">
                    #{listItem}
                  </foreach>
                </when>
              </choose>
            </foreach>
          </trim>
        </if>
      </foreach>
    </where>
  </sql>
  <sql id="Base_Column_List">
    id, parent_category_id, category_name, min_score, root_category, application_id, 
    application_code, channel_code, city_code, enabled_status, create_by, create_time, 
    update_by, update_time, remove
  </sql>
  <select id="selectByExample" parameterType="com.robot.pojo.QuestionCategoryTExample" resultMap="BaseResultMap">
    select
    <if test="distinct">
      distinct
    </if>
    <include refid="Base_Column_List" />
    from question_category_t
    <if test="_parameter != null">
      <include refid="Example_Where_Clause" />
    </if>
    <if test="orderByClause != null">
      order by ${orderByClause}
    </if>
  </select>
  <delete id="deleteByExample" parameterType="com.robot.pojo.QuestionCategoryTExample">
    delete from question_category_t
    <if test="_parameter != null">
      <include refid="Example_Where_Clause" />
    </if>
  </delete>
  <insert id="insert" parameterType="com.robot.pojo.QuestionCategoryT">
    insert into question_category_t (id, parent_category_id, category_name, 
      min_score, root_category, application_id, 
      application_code, channel_code, city_code, 
      enabled_status, create_by, create_time, 
      update_by, update_time, remove
      )
    values (#{id,jdbcType=DECIMAL}, #{parentCategoryId,jdbcType=DECIMAL}, #{categoryName,jdbcType=VARCHAR}, 
      #{minScore,jdbcType=DECIMAL}, #{rootCategory,jdbcType=VARCHAR}, #{applicationId,jdbcType=DECIMAL}, 
      #{applicationCode,jdbcType=VARCHAR}, #{channelCode,jdbcType=VARCHAR}, #{cityCode,jdbcType=VARCHAR}, 
      #{enabledStatus,jdbcType=BIT}, #{createBy,jdbcType=DECIMAL}, #{createTime,jdbcType=TIMESTAMP}, 
      #{updateBy,jdbcType=DECIMAL}, #{updateTime,jdbcType=TIMESTAMP}, #{remove,jdbcType=BIT}
      )
  </insert>
  <insert id="insertSelective" parameterType="com.robot.pojo.QuestionCategoryT">
    insert into question_category_t
    <trim prefix="(" suffix=")" suffixOverrides=",">
      <if test="id != null">
        id,
      </if>
      <if test="parentCategoryId != null">
        parent_category_id,
      </if>
      <if test="categoryName != null">
        category_name,
      </if>
      <if test="minScore != null">
        min_score,
      </if>
      <if test="rootCategory != null">
        root_category,
      </if>
      <if test="applicationId != null">
        application_id,
      </if>
      <if test="applicationCode != null">
        application_code,
      </if>
      <if test="channelCode != null">
        channel_code,
      </if>
      <if test="cityCode != null">
        city_code,
      </if>
      <if test="enabledStatus != null">
        enabled_status,
      </if>
      <if test="createBy != null">
        create_by,
      </if>
      <if test="createTime != null">
        create_time,
      </if>
      <if test="updateBy != null">
        update_by,
      </if>
      <if test="updateTime != null">
        update_time,
      </if>
      <if test="remove != null">
        remove,
      </if>
    </trim>
    <trim prefix="values (" suffix=")" suffixOverrides=",">
      <if test="id != null">
        #{id,jdbcType=DECIMAL},
      </if>
      <if test="parentCategoryId != null">
        #{parentCategoryId,jdbcType=DECIMAL},
      </if>
      <if test="categoryName != null">
        #{categoryName,jdbcType=VARCHAR},
      </if>
      <if test="minScore != null">
        #{minScore,jdbcType=DECIMAL},
      </if>
      <if test="rootCategory != null">
        #{rootCategory,jdbcType=VARCHAR},
      </if>
      <if test="applicationId != null">
        #{applicationId,jdbcType=DECIMAL},
      </if>
      <if test="applicationCode != null">
        #{applicationCode,jdbcType=VARCHAR},
      </if>
      <if test="channelCode != null">
        #{channelCode,jdbcType=VARCHAR},
      </if>
      <if test="cityCode != null">
        #{cityCode,jdbcType=VARCHAR},
      </if>
      <if test="enabledStatus != null">
        #{enabledStatus,jdbcType=BIT},
      </if>
      <if test="createBy != null">
        #{createBy,jdbcType=DECIMAL},
      </if>
      <if test="createTime != null">
        #{createTime,jdbcType=TIMESTAMP},
      </if>
      <if test="updateBy != null">
        #{updateBy,jdbcType=DECIMAL},
      </if>
      <if test="updateTime != null">
        #{updateTime,jdbcType=TIMESTAMP},
      </if>
      <if test="remove != null">
        #{remove,jdbcType=BIT},
      </if>
    </trim>
  </insert>
  <select id="countByExample" parameterType="com.robot.pojo.QuestionCategoryTExample" resultType="java.lang.Long">
    select count(*) from question_category_t
    <if test="_parameter != null">
      <include refid="Example_Where_Clause" />
    </if>
  </select>
  <update id="updateByExampleSelective" parameterType="map">
    update question_category_t
    <set>
      <if test="record.id != null">
        id = #{record.id,jdbcType=DECIMAL},
      </if>
      <if test="record.parentCategoryId != null">
        parent_category_id = #{record.parentCategoryId,jdbcType=DECIMAL},
      </if>
      <if test="record.categoryName != null">
        category_name = #{record.categoryName,jdbcType=VARCHAR},
      </if>
      <if test="record.minScore != null">
        min_score = #{record.minScore,jdbcType=DECIMAL},
      </if>
      <if test="record.rootCategory != null">
        root_category = #{record.rootCategory,jdbcType=VARCHAR},
      </if>
      <if test="record.applicationId != null">
        application_id = #{record.applicationId,jdbcType=DECIMAL},
      </if>
      <if test="record.applicationCode != null">
        application_code = #{record.applicationCode,jdbcType=VARCHAR},
      </if>
      <if test="record.channelCode != null">
        channel_code = #{record.channelCode,jdbcType=VARCHAR},
      </if>
      <if test="record.cityCode != null">
        city_code = #{record.cityCode,jdbcType=VARCHAR},
      </if>
      <if test="record.enabledStatus != null">
        enabled_status = #{record.enabledStatus,jdbcType=BIT},
      </if>
      <if test="record.createBy != null">
        create_by = #{record.createBy,jdbcType=DECIMAL},
      </if>
      <if test="record.createTime != null">
        create_time = #{record.createTime,jdbcType=TIMESTAMP},
      </if>
      <if test="record.updateBy != null">
        update_by = #{record.updateBy,jdbcType=DECIMAL},
      </if>
      <if test="record.updateTime != null">
        update_time = #{record.updateTime,jdbcType=TIMESTAMP},
      </if>
      <if test="record.remove != null">
        remove = #{record.remove,jdbcType=BIT},
      </if>
    </set>
    <if test="_parameter != null">
      <include refid="Update_By_Example_Where_Clause" />
    </if>
  </update>
  <update id="updateByExample" parameterType="map">
    update question_category_t
    set id = #{record.id,jdbcType=DECIMAL},
      parent_category_id = #{record.parentCategoryId,jdbcType=DECIMAL},
      category_name = #{record.categoryName,jdbcType=VARCHAR},
      min_score = #{record.minScore,jdbcType=DECIMAL},
      root_category = #{record.rootCategory,jdbcType=VARCHAR},
      application_id = #{record.applicationId,jdbcType=DECIMAL},
      application_code = #{record.applicationCode,jdbcType=VARCHAR},
      channel_code = #{record.channelCode,jdbcType=VARCHAR},
      city_code = #{record.cityCode,jdbcType=VARCHAR},
      enabled_status = #{record.enabledStatus,jdbcType=BIT},
      create_by = #{record.createBy,jdbcType=DECIMAL},
      create_time = #{record.createTime,jdbcType=TIMESTAMP},
      update_by = #{record.updateBy,jdbcType=DECIMAL},
      update_time = #{record.updateTime,jdbcType=TIMESTAMP},
      remove = #{record.remove,jdbcType=BIT}
    <if test="_parameter != null">
      <include refid="Update_By_Example_Where_Clause" />
    </if>
  </update>
</mapper>