<?xml version="1.0" encoding="UTF-8"?>
<!DOCTYPE mapper PUBLIC "-//mybatis.org//DTD Mapper 3.0//EN" "http://mybatis.org/dtd/mybatis-3-mapper.dtd">
<mapper namespace="com.robot.mybatis.mapper.SequenceTMapper">
  <resultMap id="BaseResultMap" type="com.robot.pojo.SequenceT">
    <result column="sequence_name" jdbcType="VARCHAR" property="sequenceName" />
    <result column="current_value" jdbcType="DECIMAL" property="currentValue" />
    <result column="increment" jdbcType="BIT" property="increment" />
  </resultMap>
  <sql id="Example_Where_Clause">
    <where>
      <foreach collection="oredCriteria" item="criteria" separator="or">
        <if test="criteria.valid">
          <trim prefix="(" prefixOverrides="and" suffix=")">
            <foreach collection="criteria.criteria" item="criterion">
              <choose>
                <when test="criterion.noValue">
                  and ${criterion.condition}
                </when>
                <when test="criterion.singleValue">
                  and ${criterion.condition} #{criterion.value}
                </when>
                <when test="criterion.betweenValue">
                  and ${criterion.condition} #{criterion.value} and #{criterion.secondValue}
                </when>
                <when test="criterion.listValue">
                  and ${criterion.condition}
                  <foreach close=")" collection="criterion.value" item="listItem" open="(" separator=",">
                    #{listItem}
                  </foreach>
                </when>
              </choose>
            </foreach>
          </trim>
        </if>
      </foreach>
    </where>
  </sql>
  <sql id="Update_By_Example_Where_Clause">
    <where>
      <foreach collection="example.oredCriteria" item="criteria" separator="or">
        <if test="criteria.valid">
          <trim prefix="(" prefixOverrides="and" suffix=")">
            <foreach collection="criteria.criteria" item="criterion">
              <choose>
                <when test="criterion.noValue">
                  and ${criterion.condition}
                </when>
                <when test="criterion.singleValue">
                  and ${criterion.condition} #{criterion.value}
                </when>
                <when test="criterion.betweenValue">
                  and ${criterion.condition} #{criterion.value} and #{criterion.secondValue}
                </when>
                <when test="criterion.listValue">
                  and ${criterion.condition}
                  <foreach close=")" collection="criterion.value" item="listItem" open="(" separator=",">
                    #{listItem}
                  </foreach>
                </when>
              </choose>
            </foreach>
          </trim>
        </if>
      </foreach>
    </where>
  </sql>
  <sql id="Base_Column_List">
    sequence_name, current_value, increment
  </sql>
  <select id="selectByExample" parameterType="com.robot.pojo.SequenceTExample" resultMap="BaseResultMap">
    select
    <if test="distinct">
      distinct
    </if>
    <include refid="Base_Column_List" />
    from sequence_t
    <if test="_parameter != null">
      <include refid="Example_Where_Clause" />
    </if>
    <if test="orderByClause != null">
      order by ${orderByClause}
    </if>
  </select>
  <delete id="deleteByExample" parameterType="com.robot.pojo.SequenceTExample">
    delete from sequence_t
    <if test="_parameter != null">
      <include refid="Example_Where_Clause" />
    </if>
  </delete>
  <insert id="insert" parameterType="com.robot.pojo.SequenceT">
    insert into sequence_t (sequence_name, current_value, increment
      )
    values (#{sequenceName,jdbcType=VARCHAR}, #{currentValue,jdbcType=DECIMAL}, #{increment,jdbcType=BIT}
      )
  </insert>
  <insert id="insertSelective" parameterType="com.robot.pojo.SequenceT">
    insert into sequence_t
    <trim prefix="(" suffix=")" suffixOverrides=",">
      <if test="sequenceName != null">
        sequence_name,
      </if>
      <if test="currentValue != null">
        current_value,
      </if>
      <if test="increment != null">
        increment,
      </if>
    </trim>
    <trim prefix="values (" suffix=")" suffixOverrides=",">
      <if test="sequenceName != null">
        #{sequenceName,jdbcType=VARCHAR},
      </if>
      <if test="currentValue != null">
        #{currentValue,jdbcType=DECIMAL},
      </if>
      <if test="increment != null">
        #{increment,jdbcType=BIT},
      </if>
    </trim>
  </insert>
  <select id="countByExample" parameterType="com.robot.pojo.SequenceTExample" resultType="java.lang.Long">
    select count(*) from sequence_t
    <if test="_parameter != null">
      <include refid="Example_Where_Clause" />
    </if>
  </select>
  <update id="updateByExampleSelective" parameterType="map">
    update sequence_t
    <set>
      <if test="record.sequenceName != null">
        sequence_name = #{record.sequenceName,jdbcType=VARCHAR},
      </if>
      <if test="record.currentValue != null">
        current_value = #{record.currentValue,jdbcType=DECIMAL},
      </if>
      <if test="record.increment != null">
        increment = #{record.increment,jdbcType=BIT},
      </if>
    </set>
    <if test="_parameter != null">
      <include refid="Update_By_Example_Where_Clause" />
    </if>
  </update>
  <update id="updateByExample" parameterType="map">
    update sequence_t
    set sequence_name = #{record.sequenceName,jdbcType=VARCHAR},
      current_value = #{record.currentValue,jdbcType=DECIMAL},
      increment = #{record.increment,jdbcType=BIT}
    <if test="_parameter != null">
      <include refid="Update_By_Example_Where_Clause" />
    </if>
  </update>
</mapper>