<?xml version="1.0" encoding="UTF-8"?>
<!DOCTYPE mapper PUBLIC "-//mybatis.org//DTD Mapper 3.0//EN" "http://mybatis.org/dtd/mybatis-3-mapper.dtd">
<mapper namespace="com.robot.mybatis.mapper.TemplateAttrTMapper">
  <resultMap id="BaseResultMap" type="com.robot.pojo.TemplateAttrT">
    <result column="id" jdbcType="DECIMAL" property="id" />
    <result column="template_attr_name" jdbcType="VARCHAR" property="templateAttrName" />
    <result column="collection_status" jdbcType="BIT" property="collectionStatus" />
    <result column="collection_words" jdbcType="VARCHAR" property="collectionWords" />
    <result column="application_id" jdbcType="DECIMAL" property="applicationId" />
    <result column="create_by" jdbcType="DECIMAL" property="createBy" />
    <result column="create_time" jdbcType="TIMESTAMP" property="createTime" />
    <result column="update_by" jdbcType="DECIMAL" property="updateBy" />
    <result column="update_time" jdbcType="TIMESTAMP" property="updateTime" />
    <result column="remove" jdbcType="BIT" property="remove" />
  </resultMap>
  <sql id="Example_Where_Clause">
    <where>
      <foreach collection="oredCriteria" item="criteria" separator="or">
        <if test="criteria.valid">
          <trim prefix="(" prefixOverrides="and" suffix=")">
            <foreach collection="criteria.criteria" item="criterion">
              <choose>
                <when test="criterion.noValue">
                  and ${criterion.condition}
                </when>
                <when test="criterion.singleValue">
                  and ${criterion.condition} #{criterion.value}
                </when>
                <when test="criterion.betweenValue">
                  and ${criterion.condition} #{criterion.value} and #{criterion.secondValue}
                </when>
                <when test="criterion.listValue">
                  and ${criterion.condition}
                  <foreach close=")" collection="criterion.value" item="listItem" open="(" separator=",">
                    #{listItem}
                  </foreach>
                </when>
              </choose>
            </foreach>
          </trim>
        </if>
      </foreach>
    </where>
  </sql>
  <sql id="Update_By_Example_Where_Clause">
    <where>
      <foreach collection="example.oredCriteria" item="criteria" separator="or">
        <if test="criteria.valid">
          <trim prefix="(" prefixOverrides="and" suffix=")">
            <foreach collection="criteria.criteria" item="criterion">
              <choose>
                <when test="criterion.noValue">
                  and ${criterion.condition}
                </when>
                <when test="criterion.singleValue">
                  and ${criterion.condition} #{criterion.value}
                </when>
                <when test="criterion.betweenValue">
                  and ${criterion.condition} #{criterion.value} and #{criterion.secondValue}
                </when>
                <when test="criterion.listValue">
                  and ${criterion.condition}
                  <foreach close=")" collection="criterion.value" item="listItem" open="(" separator=",">
                    #{listItem}
                  </foreach>
                </when>
              </choose>
            </foreach>
          </trim>
        </if>
      </foreach>
    </where>
  </sql>
  <sql id="Base_Column_List">
    id, template_attr_name, collection_status, collection_words, application_id, create_by, 
    create_time, update_by, update_time, remove
  </sql>
  <select id="selectByExample" parameterType="com.robot.pojo.TemplateAttrTExample" resultMap="BaseResultMap">
    select
    <if test="distinct">
      distinct
    </if>
    <include refid="Base_Column_List" />
    from template_attr_t
    <if test="_parameter != null">
      <include refid="Example_Where_Clause" />
    </if>
    <if test="orderByClause != null">
      order by ${orderByClause}
    </if>
  </select>
  <delete id="deleteByExample" parameterType="com.robot.pojo.TemplateAttrTExample">
    delete from template_attr_t
    <if test="_parameter != null">
      <include refid="Example_Where_Clause" />
    </if>
  </delete>
  <insert id="insert" parameterType="com.robot.pojo.TemplateAttrT">
    insert into template_attr_t (id, template_attr_name, collection_status, 
      collection_words, application_id, create_by, 
      create_time, update_by, update_time, 
      remove)
    values (#{id,jdbcType=DECIMAL}, #{templateAttrName,jdbcType=VARCHAR}, #{collectionStatus,jdbcType=BIT}, 
      #{collectionWords,jdbcType=VARCHAR}, #{applicationId,jdbcType=DECIMAL}, #{createBy,jdbcType=DECIMAL}, 
      #{createTime,jdbcType=TIMESTAMP}, #{updateBy,jdbcType=DECIMAL}, #{updateTime,jdbcType=TIMESTAMP}, 
      #{remove,jdbcType=BIT})
  </insert>
  <insert id="insertSelective" parameterType="com.robot.pojo.TemplateAttrT">
    insert into template_attr_t
    <trim prefix="(" suffix=")" suffixOverrides=",">
      <if test="id != null">
        id,
      </if>
      <if test="templateAttrName != null">
        template_attr_name,
      </if>
      <if test="collectionStatus != null">
        collection_status,
      </if>
      <if test="collectionWords != null">
        collection_words,
      </if>
      <if test="applicationId != null">
        application_id,
      </if>
      <if test="createBy != null">
        create_by,
      </if>
      <if test="createTime != null">
        create_time,
      </if>
      <if test="updateBy != null">
        update_by,
      </if>
      <if test="updateTime != null">
        update_time,
      </if>
      <if test="remove != null">
        remove,
      </if>
    </trim>
    <trim prefix="values (" suffix=")" suffixOverrides=",">
      <if test="id != null">
        #{id,jdbcType=DECIMAL},
      </if>
      <if test="templateAttrName != null">
        #{templateAttrName,jdbcType=VARCHAR},
      </if>
      <if test="collectionStatus != null">
        #{collectionStatus,jdbcType=BIT},
      </if>
      <if test="collectionWords != null">
        #{collectionWords,jdbcType=VARCHAR},
      </if>
      <if test="applicationId != null">
        #{applicationId,jdbcType=DECIMAL},
      </if>
      <if test="createBy != null">
        #{createBy,jdbcType=DECIMAL},
      </if>
      <if test="createTime != null">
        #{createTime,jdbcType=TIMESTAMP},
      </if>
      <if test="updateBy != null">
        #{updateBy,jdbcType=DECIMAL},
      </if>
      <if test="updateTime != null">
        #{updateTime,jdbcType=TIMESTAMP},
      </if>
      <if test="remove != null">
        #{remove,jdbcType=BIT},
      </if>
    </trim>
  </insert>
  <select id="countByExample" parameterType="com.robot.pojo.TemplateAttrTExample" resultType="java.lang.Long">
    select count(*) from template_attr_t
    <if test="_parameter != null">
      <include refid="Example_Where_Clause" />
    </if>
  </select>
  <update id="updateByExampleSelective" parameterType="map">
    update template_attr_t
    <set>
      <if test="record.id != null">
        id = #{record.id,jdbcType=DECIMAL},
      </if>
      <if test="record.templateAttrName != null">
        template_attr_name = #{record.templateAttrName,jdbcType=VARCHAR},
      </if>
      <if test="record.collectionStatus != null">
        collection_status = #{record.collectionStatus,jdbcType=BIT},
      </if>
      <if test="record.collectionWords != null">
        collection_words = #{record.collectionWords,jdbcType=VARCHAR},
      </if>
      <if test="record.applicationId != null">
        application_id = #{record.applicationId,jdbcType=DECIMAL},
      </if>
      <if test="record.createBy != null">
        create_by = #{record.createBy,jdbcType=DECIMAL},
      </if>
      <if test="record.createTime != null">
        create_time = #{record.createTime,jdbcType=TIMESTAMP},
      </if>
      <if test="record.updateBy != null">
        update_by = #{record.updateBy,jdbcType=DECIMAL},
      </if>
      <if test="record.updateTime != null">
        update_time = #{record.updateTime,jdbcType=TIMESTAMP},
      </if>
      <if test="record.remove != null">
        remove = #{record.remove,jdbcType=BIT},
      </if>
    </set>
    <if test="_parameter != null">
      <include refid="Update_By_Example_Where_Clause" />
    </if>
  </update>
  <update id="updateByExample" parameterType="map">
    update template_attr_t
    set id = #{record.id,jdbcType=DECIMAL},
      template_attr_name = #{record.templateAttrName,jdbcType=VARCHAR},
      collection_status = #{record.collectionStatus,jdbcType=BIT},
      collection_words = #{record.collectionWords,jdbcType=VARCHAR},
      application_id = #{record.applicationId,jdbcType=DECIMAL},
      create_by = #{record.createBy,jdbcType=DECIMAL},
      create_time = #{record.createTime,jdbcType=TIMESTAMP},
      update_by = #{record.updateBy,jdbcType=DECIMAL},
      update_time = #{record.updateTime,jdbcType=TIMESTAMP},
      remove = #{record.remove,jdbcType=BIT}
    <if test="_parameter != null">
      <include refid="Update_By_Example_Where_Clause" />
    </if>
  </update>
</mapper>